id,amount,narration,reference,txn_date,channel,direction,counterparty_hint,txn_kind
1,103913.39,Paid INV/1,REF1,2026-08-20,NEFT,DEBIT,Supplier 18,
2,961166.68,Paid INV/2,REF2,2025-10-06,NEFT,DEBIT,Supplier 16,
3,54622.05,Paid INV/3,REF3,2026-06-03,NEFT,DEBIT,Supplier 15,
4,75310.47,Paid INV/4,REF4,2026-07-29,NEFT,DEBIT,Supplier 21,
5,118045.56,Paid INV/5,REF5,2026-04-27,NEFT,DEBIT,Supplier 21,
6,29790.75,Paid INV/6,REF6,2026-10-22,NEFT,DEBIT,Supplier 10,
7,74237.42,Paid INV/7,REF7,2026-10-07,NEFT,DEBIT,Supplier 28,
8,145443.11,Paid INV/25-26/8,REF8,2025-09-19,NEFT,DEBIT,Supplier 6,
9,63830.82,Paid INV/9,REF9,2026-08-20,NEFT,DEBIT,Supplier 39,
10,108823.14,Paid 10,REF10,2026-03-07,NEFT,DEBIT,Supplier 36,
11,70935.4,Paid INV/25-26/11,REF11,2026-10-15,NEFT,DEBIT,Supplier 22,
12,136271.73,Paid INV/12,REF12,2026-07-15,NEFT,DEBIT,Supplier 17,
13,82541.68,Paid BILL-13,REF13,2025-09-03,NEFT,DEBIT,Supplier 20,
14,9232.47,Paid INV/14,REF14,2026-02-15,NEFT,DEBIT,Supplier 1,
15,15811.0,Paid INV/15,REF15,2026-10-03,NEFT,DEBIT,Supplier 20,
16,136934.27,Paid BILL-16,REF16,2026-09-25,NEFT,DEBIT,Supplier 5,
17,74167.58,Paid INV/18,REF17,2026-08-01,NEFT,DEBIT,Supplier 13,
18,25251.08,Paid INV/19,REF18,2025-09-28,NEFT,DEBIT,Supplier 34,
19,67179.19,Paid 20,REF19,2026-10-03,NEFT,DEBIT,Supplier 15,
20,83530.27,Paid INV/21,REF20,2026-07-29,NEFT,DEBIT,Supplier 22,
21,86774.01,Paid INV/22,REF21,2026-07-31,NEFT,DEBIT,Supplier 37,
22,105580.12,Paid INV/23,REF22,2026-08-28,NEFT,DEBIT,Supplier 7,
23,104738.6,Paid INV/24,REF23,2026-02-06,NEFT,DEBIT,Supplier 4,
24,68381.79,Paid BILL-25,REF24,2025-08-11,NEFT,DEBIT,Supplier 22,
25,72241.88,Paid INV/26,REF25,2025-09-20,NEFT,DEBIT,Supplier 18,
26,12952.08,Paid INV/27,REF26,2026-02-22,NEFT,DEBIT,Supplier 36,
27,75437.45,Paid INV/28,REF27,2026-08-05,NEFT,DEBIT,Supplier 16,
28,70742.3,Paid INV/29,REF28,2026-09-26,NEFT,DEBIT,Supplier 4,
29,78276.59,Paid INV/30,REF29,2025-11-23,NEFT,DEBIT,Supplier 30,
30,1054641.1,Paid INV/31,REF30,2026-08-16,NEFT,DEBIT,Supplier 32,
31,127071.24,Paid 32,REF31,2025-07-30,NEFT,DEBIT,Supplier 35,
32,15632.1,Paid INV/33,REF32,2026-03-12,NEFT,DEBIT,Supplier 34,
33,136461.97,Paid INV/34,REF33,2026-09-29,NEFT,DEBIT,Supplier 5,
34,12699.8,Paid 35,REF34,2026-09-29,NEFT,DEBIT,Supplier 38,
35,40848.74,Paid INV/36,REF35,2026-05-05,NEFT,DEBIT,Supplier 21,
36,59997.91,Paid INV/37,REF36,2026-07-31,NEFT,DEBIT,Supplier 20,
37,16403.94,Paid INV/38,REF37,2026-10-12,NEFT,DEBIT,Supplier 37,
38,69126.09,Paid 39,REF38,2026-09-07,NEFT,DEBIT,Supplier 5,
39,106932.17,Paid INV/40,REF39,2026-10-16,NEFT,DEBIT,Supplier 34,
40,140708.76,Paid INV/41,REF40,2026-08-11,NEFT,DEBIT,Supplier 17,
41,40735.5,Paid INV/42,REF41,2026-09-30,NEFT,DEBIT,Supplier 14,
42,19302.44,Paid INV/43,REF42,2025-11-23,NEFT,DEBIT,Supplier 17,
43,154424.23,Paid BILL-44,REF43,2026-09-05,NEFT,DEBIT,Supplier 9,
44,22282.8,Paid INV/45,REF44,2026-04-19,NEFT,DEBIT,Supplier 36,
45,132317.09,Paid INV/46,REF45,2026-06-29,NEFT,DEBIT,Supplier 35,
46,68291.87,Paid INV/47,REF46,2025-09-24,NEFT,DEBIT,Supplier 3,
47,64240.9,Paid 48,REF47,2026-08-29,NEFT,DEBIT,Supplier 14,
48,164298.19,Paid INV/49,REF48,2026-10-06,NEFT,DEBIT,Supplier 40,
49,10140.94,Paid INV/50,REF49,2025-10-02,NEFT,DEBIT,Supplier 12,
50,136803.74,Paid INV/51,REF50,2025-12-28,NEFT,DEBIT,Supplier 27,
51,155127.73,Paid INV/52,REF51,2026-10-22,NEFT,DEBIT,Supplier 7,
52,146293.78,Paid INV/53,REF52,2026-09-21,NEFT,DEBIT,Supplier 23,
53,77168.98,Paid BILL-54,REF53,2026-08-18,NEFT,DEBIT,Supplier 26,
54,154630.04,Paid INV/55,REF54,2026-01-06,NEFT,DEBIT,Supplier 26,
55,170589.63,Paid INV/56,REF55,2026-08-27,NEFT,DEBIT,Supplier 12,
56,80566.99,Paid INV/57,REF56,2025-09-04,NEFT,DEBIT,Supplier 23,
57,13494.54,Paid INV/58,REF57,2026-10-06,NEFT,DEBIT,Supplier 13,
58,114783.22,Paid INV/59,REF58,2026-04-03,NEFT,DEBIT,Supplier 35,
59,145437.36,Paid INV/60,REF59,2026-09-18,NEFT,DEBIT,Supplier 5,
60,82418.61,Paid INV/61,REF60,2026-06-15,NEFT,DEBIT,Supplier 20,
61,38723.84,Paid INV/62,REF61,2026-02-02,NEFT,DEBIT,Supplier 36,
62,103273.91,Paid INV/63,REF62,2026-01-21,NEFT,DEBIT,Supplier 12,
63,140343.34,Paid INV/64,REF63,2026-08-30,NEFT,DEBIT,Supplier 14,
64,58786.04,Paid INV/65,REF64,2025-12-22,NEFT,DEBIT,Supplier 29,
65,18160.12,Paid INV/66,REF65,2026-10-15,NEFT,DEBIT,Supplier 11,
66,121015.34,Paid INV/67,REF66,2026-05-31,NEFT,DEBIT,Supplier 6,
67,110488.98,Paid INV/68,REF67,2026-07-30,NEFT,DEBIT,Supplier 16,
68,128808.99,Paid INV/69,REF68,2026-03-01,NEFT,DEBIT,Supplier 37,
69,66943.71,Paid INV/70,REF69,2025-08-07,NEFT,DEBIT,Supplier 1,
70,72137.83,Paid INV/71,REF70,2026-09-09,NEFT,DEBIT,Supplier 4,
71,107781.9,Paid INV/72,REF71,2026-09-22,NEFT,DEBIT,Supplier 34,
72,148010.39,Paid INV/73,REF72,2026-09-30,NEFT,DEBIT,Supplier 33,
73,134529.0,Paid INV/74,REF73,2026-09-23,NEFT,DEBIT,Supplier 29,
74,113136.65,Paid INV/75,REF74,2025-11-29,NEFT,DEBIT,Supplier 34,
75,63363.51,Paid INV/76,REF75,2025-08-19,NEFT,DEBIT,Supplier 16,
76,126768.32,Paid BILL-77,REF76,2026-08-23,NEFT,DEBIT,Supplier 25,
77,36740.54,Paid INV/78,REF77,2025-12-27,NEFT,DEBIT,Supplier 27,
78,70983.19,Paid BILL-79,REF78,2026-01-22,NEFT,DEBIT,Supplier 2,
79,133799.93,Paid INV/80,REF79,2025-11-30,NEFT,DEBIT,Supplier 27,
80,76199.23,Paid INV/81,REF80,2026-05-15,NEFT,DEBIT,Supplier 32,
81,149710.52,Paid INV/82,REF81,2026-10-19,NEFT,DEBIT,Supplier 26,
82,1089829.83,Paid 83,REF82,2026-05-25,NEFT,DEBIT,Supplier 26,
83,65858.8,Paid INV/84,REF83,2026-09-22,NEFT,DEBIT,Supplier 12,
84,72663.66,Paid INV/25-26/85,REF84,2026-09-11,NEFT,DEBIT,Supplier 18,
85,117139.65,Paid INV/86,REF85,2026-07-29,NEFT,DEBIT,Supplier 23,
86,149492.05,Paid INV/87,REF86,2026-07-28,NEFT,DEBIT,Supplier 16,
87,168061.23,Paid INV/88,REF87,2026-09-09,NEFT,DEBIT,Supplier 8,
88,109800.05,Paid INV/89,REF88,2025-11-19,NEFT,DEBIT,Supplier 11,
89,24395.7,Paid BILL-90,REF89,2025-09-07,NEFT,DEBIT,Supplier 11,
90,166985.62,Paid 91,REF90,2026-05-01,NEFT,DEBIT,Supplier 25,
91,111397.64,Paid INV/92,REF91,2026-06-29,NEFT,DEBIT,Supplier 16,
92,139808.91,Paid INV/93,REF92,2026-06-26,NEFT,DEBIT,Supplier 8,
93,116694.65,Paid BILL-94,REF93,2026-02-15,NEFT,DEBIT,Supplier 5,
94,114648.61,Paid INV/95,REF94,2026-09-05,NEFT,DEBIT,Supplier 28,
95,67370.05,Paid INV/96,REF95,2026-08-16,NEFT,DEBIT,Supplier 34,
96,147183.19,Paid INV/97,REF96,2026-04-12,NEFT,DEBIT,Supplier 30,
97,156747.09,Paid INV/98,REF97,2025-12-23,NEFT,DEBIT,Supplier 6,
98,10810.57,Paid INV/99,REF98,2026-03-05,NEFT,DEBIT,Supplier 25,
99,64131.97,Paid INV/100,REF99,2025-10-12,NEFT,DEBIT,Supplier 23,
100,83906.5,Paid INV/25-26/101,REF100,2026-07-05,NEFT,DEBIT,Supplier 36,
101,124063.25,Paid INV/102,REF101,2026-07-14,NEFT,DEBIT,Supplier 36,
102,63987.26,Paid INV/103,REF102,2025-09-27,NEFT,DEBIT,Supplier 2,
103,100599.22,Paid INV/104,REF103,2025-12-14,NEFT,DEBIT,Supplier 24,
104,75853.8,Paid INV/105,REF104,2026-07-27,NEFT,DEBIT,Supplier 23,
105,126243.88,Paid INV/106,REF105,2025-08-31,NEFT,DEBIT,Supplier 21,
106,129876.5,Paid INV/107,REF106,2026-08-21,NEFT,DEBIT,Supplier 31,
107,80187.77,Paid INV/108,REF107,2026-04-05,NEFT,DEBIT,Supplier 7,
108,13687.74,Paid BILL-109,REF108,2026-10-01,NEFT,DEBIT,Supplier 9,
109,138121.58,Paid INV/110,REF109,2026-07-03,NEFT,DEBIT,Supplier 32,
110,171096.65,Paid INV/111,REF110,2026-02-26,NEFT,DEBIT,Supplier 22,
111,90037.83,Paid INV/112,REF111,2026-09-25,NEFT,DEBIT,Supplier 5,
112,20474.45,Paid INV/113,REF112,2026-08-13,NEFT,DEBIT,Supplier 37,
113,141195.76,Paid INV/114,REF113,2026-04-22,NEFT,DEBIT,Supplier 39,
114,175294.35,Paid INV/115,REF114,2026-09-19,NEFT,DEBIT,Supplier 20,
115,58378.58,Paid INV/116,REF115,2026-08-06,NEFT,DEBIT,Supplier 14,
116,6357.82,Paid INV/117,REF116,2026-10-03,NEFT,DEBIT,Supplier 5,
117,78794.75,Paid INV/118,REF117,2026-05-11,NEFT,DEBIT,Supplier 3,
118,140697.37,Paid INV/119,REF118,2026-09-24,NEFT,DEBIT,Supplier 15,
119,25538.22,Paid INV/120,REF119,2026-06-14,NEFT,DEBIT,Supplier 13,
120,15285.22,Paid INV/121,REF120,2025-09-25,NEFT,DEBIT,Supplier 10,
121,81039.16,Paid INV/122,REF121,2026-05-11,NEFT,DEBIT,Supplier 37,
122,98290.85,Paid INV/123,REF122,2025-12-13,NEFT,DEBIT,Supplier 18,
123,72337.95,Paid 124,REF123,2026-09-18,NEFT,DEBIT,Supplier 21,
124,167930.56,Paid INV/125,REF124,2025-09-27,NEFT,DEBIT,Supplier 38,
125,94694.72,Paid INV/126,REF125,2025-11-25,NEFT,DEBIT,Supplier 12,
126,129218.8,Paid INV/127,REF126,2026-10-07,NEFT,DEBIT,Supplier 28,
127,21175.33,Paid BILL-128,REF127,2026-09-05,NEFT,DEBIT,Supplier 21,
128,12178.87,Paid BILL-129,REF128,2026-07-01,NEFT,DEBIT,Supplier 26,
129,105378.8,Paid INV/130,REF129,2026-09-14,NEFT,DEBIT,Supplier 33,
130,135327.43,Paid INV/131,REF130,2026-09-29,NEFT,DEBIT,Supplier 24,
131,164624.81,Paid INV/132,REF131,2026-08-28,NEFT,DEBIT,Supplier 36,
132,142662.58,Paid INV/133,REF132,2025-12-19,NEFT,DEBIT,Supplier 2,
133,21848.09,Paid INV/134,REF133,2025-12-17,NEFT,DEBIT,Supplier 36,
134,165476.93,Paid INV/135,REF134,2026-07-30,NEFT,DEBIT,Supplier 10,
135,84056.17,Paid INV/25-26/136,REF135,2026-09-24,NEFT,DEBIT,Supplier 31,
136,68308.66,Paid INV/137,REF136,2026-10-25,NEFT,DEBIT,Supplier 9,
137,69312.23,Paid INV/138,REF137,2026-09-27,NEFT,DEBIT,Supplier 18,
138,82304.26,Paid INV/139,REF138,2026-05-07,NEFT,DEBIT,Supplier 32,
139,83809.46,Paid INV/140,REF139,2025-12-28,NEFT,DEBIT,Supplier 35,
140,71426.31,Paid INV/141,REF140,2025-10-15,NEFT,DEBIT,Supplier 16,
141,175017.64,Paid INV/142,REF141,2026-09-23,NEFT,DEBIT,Supplier 25,
142,24471.0,Paid INV/143,REF142,2026-05-30,NEFT,DEBIT,Supplier 32,
143,85326.06,Paid INV/144,REF143,2025-12-27,NEFT,DEBIT,Supplier 29,
144,76729.95,Paid INV/145,REF144,2026-10-16,NEFT,DEBIT,Supplier 10,
145,17478.01,Paid INV/146,REF145,2025-12-31,NEFT,DEBIT,Supplier 26,
146,113145.34,Paid INV/147,REF146,2026-09-09,NEFT,DEBIT,Supplier 25,
147,17606.79,Paid INV/148,REF147,2026-03-17,NEFT,DEBIT,Supplier 3,
148,173293.58,Paid INV/149,REF148,2026-08-23,NEFT,DEBIT,Supplier 6,
149,124643.6,Paid INV/150,REF149,2026-07-06,NEFT,DEBIT,Supplier 29,
150,70035.31,Paid 151,REF150,2026-08-01,NEFT,DEBIT,Supplier 19,
151,35854.37,Paid INV/152,REF151,2026-02-06,NEFT,DEBIT,Supplier 12,
152,162085.05,Paid BILL-153,REF152,2026-01-22,NEFT,DEBIT,Supplier 16,
153,121839.22,Paid BILL-154,REF153,2025-12-31,NEFT,DEBIT,Supplier 1,
154,151718.93,Paid INV/155,REF154,2026-01-03,NEFT,DEBIT,Supplier 20,
155,151905.7,Paid BILL-156,REF155,2026-03-01,NEFT,DEBIT,Supplier 13,
156,154142.05,Paid INV/157,REF156,2026-08-31,NEFT,DEBIT,Supplier 19,
157,133398.95,Paid INV/158,REF157,2026-10-20,NEFT,DEBIT,Supplier 4,
158,66971.68,Paid BILL-159,REF158,2026-08-23,NEFT,DEBIT,Supplier 39,
159,20043.21,Paid INV/160,REF159,2026-06-23,NEFT,DEBIT,Supplier 9,
160,68327.76,Paid BILL-161,REF160,2026-09-19,NEFT,DEBIT,Supplier 3,
161,28512.54,Paid INV/162,REF161,2025-12-25,NEFT,DEBIT,Supplier 12,
162,73467.58,Paid INV/163,REF162,2026-01-14,NEFT,DEBIT,Supplier 18,
163,143504.19,Paid INV/164,REF163,2026-03-14,NEFT,DEBIT,Supplier 19,
164,68484.11,Paid INV/165,REF164,2026-08-22,NEFT,DEBIT,Supplier 26,
165,121020.94,Paid INV/166,REF165,2026-07-30,NEFT,DEBIT,Supplier 30,
166,107993.86,Paid INV/167,REF166,2026-10-14,NEFT,DEBIT,Supplier 24,
167,162500.29,Paid INV/168,REF167,2026-05-24,NEFT,DEBIT,Supplier 36,
168,116984.87,Paid INV/25-26/169,REF168,2025-08-12,NEFT,DEBIT,Supplier 30,
169,61998.3,Paid INV/170,REF169,2026-09-26,NEFT,DEBIT,Supplier 8,
170,106393.93,Paid INV/171,REF170,2026-01-25,NEFT,DEBIT,Supplier 35,
171,111238.09,Paid INV/172,REF171,2026-10-07,NEFT,DEBIT,Supplier 7,
172,81987.46,Paid INV/173,REF172,2026-08-31,NEFT,DEBIT,Supplier 14,
173,160180.22,Paid INV/174,REF173,2026-10-20,NEFT,DEBIT,Supplier 24,
174,21585.33,Paid INV/175,REF174,2026-08-18,NEFT,DEBIT,Supplier 8,
175,77206.39,Paid 176,REF175,2025-09-27,NEFT,DEBIT,Supplier 2,
176,66449.28,Paid INV/177,REF176,2026-10-03,NEFT,DEBIT,Supplier 14,
177,68465.09,Paid INV/178,REF177,2025-12-26,NEFT,DEBIT,Supplier 39,
178,112955.76,Paid INV/25-26/179,REF178,2025-09-15,NEFT,DEBIT,Supplier 12,
179,61297.29,Paid INV/25-26/180,REF179,2025-12-31,NEFT,DEBIT,Supplier 16,
180,126696.04,Paid INV/181,REF180,2025-09-13,NEFT,DEBIT,Supplier 34,
181,92106.8,Paid INV/182,REF181,2026-09-28,NEFT,DEBIT,Supplier 7,
182,84271.08,Paid INV/183,REF182,2025-08-02,NEFT,DEBIT,Supplier 34,
183,123291.29,Paid INV/184,REF183,2025-08-11,NEFT,DEBIT,Supplier 26,
184,109979.69,Paid BILL-185,REF184,2026-10-19,NEFT,DEBIT,Supplier 6,
185,71072.75,Paid INV/186,REF185,2026-05-26,NEFT,DEBIT,Supplier 36,
186,22869.44,Paid INV/187,REF186,2025-11-28,NEFT,DEBIT,Supplier 39,
187,79484.97,Paid INV/188,REF187,2026-09-20,NEFT,DEBIT,Supplier 36,
188,130736.7,Paid INV/189,REF188,2026-09-21,NEFT,DEBIT,Supplier 26,
189,123415.08,Paid INV/190,REF189,2025-12-18,NEFT,DEBIT,Supplier 24,
190,22422.17,Paid INV/191,REF190,2025-08-26,NEFT,DEBIT,Supplier 6,
191,102004.03,Paid INV/192,REF191,2026-08-01,NEFT,DEBIT,Supplier 38,
192,152688.69,Paid INV/193,REF192,2026-10-18,NEFT,DEBIT,Supplier 28,
193,1029018.13,Paid INV/194,REF193,2026-09-27,NEFT,DEBIT,Supplier 14,
194,121356.71,Paid INV/195,REF194,2026-10-04,NEFT,DEBIT,Supplier 24,
195,110882.39,Paid INV/196,REF195,2026-07-20,NEFT,DEBIT,Supplier 36,
196,34899.57,Paid INV/197,REF196,2025-07-24,NEFT,DEBIT,Supplier 18,
197,32869.0,Paid 198,REF197,2025-12-16,NEFT,DEBIT,Supplier 23,
198,66309.24,Paid INV/199,REF198,2026-05-25,NEFT,DEBIT,Supplier 2,
199,107913.89,Paid INV/200,REF199,2026-09-02,NEFT,DEBIT,Supplier 21,
200,17670.79,Paid INV/201,REF200,2026-10-12,NEFT,DEBIT,Supplier 4,
201,76238.84,Paid INV/202,REF201,2026-02-13,NEFT,DEBIT,Supplier 29,
202,108549.54,Paid INV/203,REF202,2026-07-29,NEFT,DEBIT,Supplier 19,
203,15273.19,Paid INV/204,REF203,2026-08-22,NEFT,DEBIT,Supplier 26,
204,62041.73,Paid 205,REF204,2025-10-27,NEFT,DEBIT,Supplier 17,
205,91494.89,Paid INV/206,REF205,2026-09-11,NEFT,DEBIT,Supplier 35,
206,9106.67,Paid INV/207,REF206,2026-09-13,NEFT,DEBIT,Supplier 3,
207,127295.27,Paid INV/208,REF207,2026-09-17,NEFT,DEBIT,Supplier 37,
208,155125.39,Paid INV/209,REF208,2025-09-07,NEFT,DEBIT,Supplier 21,
209,71739.37,Paid BILL-210,REF209,2026-08-30,NEFT,DEBIT,Supplier 24,
210,154846.73,Paid INV/211,REF210,2026-04-28,NEFT,DEBIT,Supplier 6,
211,114244.74,Paid INV/212,REF211,2026-08-15,NEFT,DEBIT,Supplier 5,
212,130354.56,Paid INV/213,REF212,2025-10-18,NEFT,DEBIT,Supplier 23,
213,39653.2,Paid INV/214,REF213,2026-08-07,NEFT,DEBIT,Supplier 10,
214,168666.08,Paid INV/215,REF214,2026-08-04,NEFT,DEBIT,Supplier 5,
215,122441.93,Paid INV/216,REF215,2026-03-05,NEFT,DEBIT,Supplier 38,
216,153772.64,Paid INV/217,REF216,2026-06-05,NEFT,DEBIT,Supplier 40,
217,113929.99,Paid INV/218,REF217,2025-09-26,NEFT,DEBIT,Supplier 31,
218,84904.14,Paid BILL-219,REF218,2026-09-27,NEFT,DEBIT,Supplier 5,
219,107547.05,Paid INV/220,REF219,2026-10-15,NEFT,DEBIT,Supplier 6,
220,161438.44,Paid INV/221,REF220,2026-05-04,NEFT,DEBIT,Supplier 3,
221,169766.29,Paid INV/222,REF221,2026-09-23,NEFT,DEBIT,Supplier 33,
222,82067.59,Paid INV/25-26/223,REF222,2026-08-30,NEFT,DEBIT,Supplier 22,
223,95342.19,Paid BILL-224,REF223,2026-06-28,NEFT,DEBIT,Supplier 29,
224,96278.12,Paid INV/225,REF224,2026-09-15,NEFT,DEBIT,Supplier 22,
225,121970.71,Paid INV/226,REF225,2026-09-05,NEFT,DEBIT,Supplier 7,
226,62938.25,Paid INV/227,REF226,2026-07-16,NEFT,DEBIT,Supplier 39,
227,111593.57,Paid INV/228,REF227,2025-09-21,NEFT,DEBIT,Supplier 20,
228,980630.68,Paid INV/229,REF228,2026-05-11,NEFT,DEBIT,Supplier 6,
229,103607.28,Paid INV/230,REF229,2025-12-26,NEFT,DEBIT,Supplier 34,
230,64370.4,Paid INV/231,REF230,2026-09-02,NEFT,DEBIT,Supplier 12,
231,71284.34,Paid INV/232,REF231,2026-08-11,NEFT,DEBIT,Supplier 10,
232,106028.73,Paid INV/233,REF232,2026-03-27,NEFT,DEBIT,Supplier 34,
233,36842.75,Paid INV/234,REF233,2026-09-11,NEFT,DEBIT,Supplier 10,
234,13375.77,Paid INV/235,REF234,2026-05-26,NEFT,DEBIT,Supplier 11,
235,160570.01,Paid 237,REF235,2025-11-07,NEFT,DEBIT,Supplier 20,
236,139037.03,Paid INV/238,REF236,2026-04-29,NEFT,DEBIT,Supplier 30,
237,29579.99,Paid INV/239,REF237,2026-01-31,NEFT,DEBIT,Supplier 13,
238,165757.63,Paid INV/240,REF238,2026-06-04,NEFT,DEBIT,Supplier 24,
239,121434.54,Paid INV/241,REF239,2026-04-01,NEFT,DEBIT,Supplier 19,
240,149341.42,Paid INV/242,REF240,2026-10-17,NEFT,DEBIT,Supplier 28,
241,65610.11,Paid INV/243,REF241,2025-10-25,NEFT,DEBIT,Supplier 2,
242,10722.88,Paid INV/244,REF242,2026-01-24,NEFT,DEBIT,Supplier 24,
243,29443.29,Paid INV/245,REF243,2026-09-13,NEFT,DEBIT,Supplier 22,
244,82655.71,Paid INV/25-26/246,REF244,2026-08-29,NEFT,DEBIT,Supplier 9,
245,96201.71,Paid BILL-247,REF245,2026-08-13,NEFT,DEBIT,Supplier 36,
246,115224.64,Paid INV/248,REF246,2026-07-31,NEFT,DEBIT,Supplier 16,
247,8712.09,Paid INV/249,REF247,2026-09-26,NEFT,DEBIT,Supplier 39,
248,6167.66,Paid INV/250,REF248,2025-11-11,NEFT,DEBIT,Supplier 19,
249,172663.38,Paid 251,REF249,2026-04-29,NEFT,DEBIT,Supplier 6,
250,9379.19,Paid INV/252,REF250,2026-04-15,NEFT,DEBIT,Supplier 33,
251,133765.87,Paid INV/253,REF251,2025-08-02,NEFT,DEBIT,Supplier 24,
252,131690.49,Paid INV/254,REF252,2026-10-17,NEFT,DEBIT,Supplier 7,
253,75988.84,Paid INV/255,REF253,2026-09-06,NEFT,DEBIT,Supplier 12,
254,12227.93,Paid INV/256,REF254,2026-08-11,NEFT,DEBIT,Supplier 5,
255,94082.13,Paid INV/257,REF255,2026-07-30,NEFT,DEBIT,Supplier 21,
256,34345.5,Paid INV/258,REF256,2026-04-15,NEFT,DEBIT,Supplier 3,
257,27197.68,Paid INV/259,REF257,2026-10-16,NEFT,DEBIT,Supplier 22,
258,63909.17,Paid 260,REF258,2026-09-29,NEFT,DEBIT,Supplier 29,
259,115948.13,Paid 261,REF259,2026-09-29,NEFT,DEBIT,Supplier 18,
260,17440.49,Paid INV/262,REF260,2026-08-31,NEFT,DEBIT,Supplier 21,
261,959510.21,Paid INV/263,REF261,2025-12-14,NEFT,DEBIT,Supplier 28,
262,176683.57,Paid INV/264,REF262,2025-08-01,NEFT,DEBIT,Supplier 23,
263,26988.17,Paid INV/266,REF263,2026-08-25,NEFT,DEBIT,Supplier 11,
264,62180.3,Paid INV/267,REF264,2026-08-15,NEFT,DEBIT,Supplier 9,
265,32153.27,Paid INV/268,REF265,2026-10-05,NEFT,DEBIT,Supplier 3,
266,96490.58,Paid INV/269,REF266,2026-08-03,NEFT,DEBIT,Supplier 37,
267,91286.42,Paid INV/270,REF267,2026-01-15,NEFT,DEBIT,Supplier 2,
268,176378.07,Paid INV/271,REF268,2026-08-27,NEFT,DEBIT,Supplier 29,
269,25914.65,Paid INV/25-26/272,REF269,2026-10-23,NEFT,DEBIT,Supplier 13,
270,152561.2,Paid INV/273,REF270,2026-10-14,NEFT,DEBIT,Supplier 6,
271,79180.99,Paid INV/274,REF271,2026-08-02,NEFT,DEBIT,Supplier 36,
272,92948.1,Paid INV/25-26/275,REF272,2025-09-29,NEFT,DEBIT,Supplier 12,
273,103816.66,Paid INV/276,REF273,2025-10-11,NEFT,DEBIT,Supplier 2,
274,74025.18,Paid INV/277,REF274,2026-08-05,NEFT,DEBIT,Supplier 5,
275,18518.74,Paid INV/278,REF275,2026-03-13,NEFT,DEBIT,Supplier 27,
276,27858.05,Paid INV/279,REF276,2026-09-22,NEFT,DEBIT,Supplier 34,
277,79920.99,Paid INV/280,REF277,2026-04-19,NEFT,DEBIT,Supplier 12,
278,88445.52,Paid 281,REF278,2025-07-29,NEFT,DEBIT,Supplier 34,
279,64404.66,Paid INV/282,REF279,2026-09-29,NEFT,DEBIT,Supplier 19,
280,97178.09,Paid INV/283,REF280,2026-10-13,NEFT,DEBIT,Supplier 20,
281,35192.43,Paid INV/284,REF281,2025-10-05,NEFT,DEBIT,Supplier 38,
282,130892.22,Paid INV/25-26/285,REF282,2026-10-15,NEFT,DEBIT,Supplier 37,
283,58345.58,Paid INV/286,REF283,2026-06-04,NEFT,DEBIT,Supplier 17,
284,88314.18,Paid INV/287,REF284,2026-05-23,NEFT,DEBIT,Supplier 32,
285,83501.4,Paid INV/288,REF285,2025-12-12,NEFT,DEBIT,Supplier 26,
286,40808.34,Paid INV/289,REF286,2025-09-29,NEFT,DEBIT,Supplier 31,
287,172786.51,Paid BILL-290,REF287,2025-12-18,NEFT,DEBIT,Supplier 21,
288,85713.45,Paid INV/291,REF288,2026-03-31,NEFT,DEBIT,Supplier 21,
289,153758.44,Paid INV/292,REF289,2026-07-31,NEFT,DEBIT,Supplier 19,
290,129285.07,Paid INV/25-26/293,REF290,2026-09-27,NEFT,DEBIT,Supplier 21,
291,156309.84,Paid INV/294,REF291,2026-09-09,NEFT,DEBIT,Supplier 30,
292,171300.08,Paid INV/295,REF292,2025-08-26,NEFT,DEBIT,Supplier 33,
293,156868.28,Paid INV/296,REF293,2026-08-30,NEFT,DEBIT,Supplier 32,
294,28816.27,Paid INV/297,REF294,2026-07-26,NEFT,DEBIT,Supplier 7,
295,66238.56,Paid INV/298,REF295,2026-01-14,NEFT,DEBIT,Supplier 24,
296,92178.12,Paid INV/299,REF296,2026-08-30,NEFT,DEBIT,Supplier 5,
297,98281.32,Paid INV/25-26/300,REF297,2025-12-01,NEFT,DEBIT,Supplier 40,
298,135074.54,Paid 301,REF298,2026-09-06,NEFT,DEBIT,Supplier 36,
299,26113.78,Paid INV/302,REF299,2026-02-01,NEFT,DEBIT,Supplier 3,
300,158714.84,Paid 303,REF300,2026-02-28,NEFT,DEBIT,Supplier 10,
301,63453.5,Paid INV/304,REF301,2026-10-11,NEFT,DEBIT,Supplier 20,
302,87154.13,Paid BILL-305,REF302,2026-03-30,NEFT,DEBIT,Supplier 37,
303,142224.75,Paid INV/306,REF303,2026-09-16,NEFT,DEBIT,Supplier 38,
304,74932.25,Paid INV/307,REF304,2026-06-28,NEFT,DEBIT,Supplier 39,
305,94091.42,Paid 308,REF305,2026-08-12,NEFT,DEBIT,Supplier 15,
306,146486.25,Paid INV/309,REF306,2026-07-15,NEFT,DEBIT,Supplier 25,
307,9140.19,Paid INV/310,REF307,2026-04-30,NEFT,DEBIT,Supplier 8,
308,91761.32,Paid INV/311,REF308,2025-09-26,NEFT,DEBIT,Supplier 14,
309,94646.7,Paid INV/312,REF309,2026-02-27,NEFT,DEBIT,Supplier 4,
310,169588.89,Paid INV/313,REF310,2026-06-15,NEFT,DEBIT,Supplier 25,
311,88743.21,Paid INV/314,REF311,2026-08-29,NEFT,DEBIT,Supplier 17,
312,137847.92,Paid INV/315,REF312,2025-11-30,NEFT,DEBIT,Supplier 15,
313,65580.22,Paid INV/316,REF313,2026-06-29,NEFT,DEBIT,Supplier 21,
314,92561.85,Paid INV/317,REF314,2026-08-22,NEFT,DEBIT,Supplier 19,
315,79196.44,Paid INV/318,REF315,2026-10-12,NEFT,DEBIT,Supplier 23,
316,66113.15,Paid INV/319,REF316,2026-09-19,NEFT,DEBIT,Supplier 17,
317,24588.66,Paid INV/320,REF317,2025-11-26,NEFT,DEBIT,Supplier 18,
318,115052.31,Paid BILL-321,REF318,2026-10-18,NEFT,DEBIT,Supplier 34,
319,122599.13,Paid 322,REF319,2025-12-27,NEFT,DEBIT,Supplier 7,
320,117207.17,Paid INV/323,REF320,2025-09-29,NEFT,DEBIT,Supplier 31,
321,104562.49,Paid INV/324,REF321,2026-10-15,NEFT,DEBIT,Supplier 4,
322,77400.12,Paid INV/325,REF322,2026-07-24,NEFT,DEBIT,Supplier 3,
323,103078.27,Paid BILL-327,REF323,2026-09-09,NEFT,DEBIT,Supplier 1,
324,90408.41,Paid INV/328,REF324,2025-12-03,NEFT,DEBIT,Supplier 35,
325,144288.05,Paid INV/329,REF325,2026-09-19,NEFT,DEBIT,Supplier 18,
326,8309.81,Paid INV/330,REF326,2026-07-20,NEFT,DEBIT,Supplier 17,
327,104819.01,Paid INV/331,REF327,2025-09-26,NEFT,DEBIT,Supplier 13,
328,20740.84,Paid INV/332,REF328,2026-02-03,NEFT,DEBIT,Supplier 33,
329,166019.72,Paid BILL-333,REF329,2025-10-13,NEFT,DEBIT,Supplier 31,
330,81162.94,Paid INV/334,REF330,2026-10-11,NEFT,DEBIT,Supplier 18,
331,106920.44,Paid INV/335,REF331,2026-08-30,NEFT,DEBIT,Supplier 16,
332,124008.68,Paid INV/336,REF332,2025-09-30,NEFT,DEBIT,Supplier 33,
333,135482.68,Paid INV/338,REF333,2026-10-22,NEFT,DEBIT,Supplier 36,
334,85258.39,Paid INV/339,REF334,2026-08-25,NEFT,DEBIT,Supplier 39,
335,131430.85,Paid INV/340,REF335,2026-10-05,NEFT,DEBIT,Supplier 8,
336,62040.93,Paid INV/341,REF336,2025-10-22,NEFT,DEBIT,Supplier 10,
337,21460.12,Paid INV/342,REF337,2025-08-29,NEFT,DEBIT,Supplier 38,
338,84058.22,Paid BILL-343,REF338,2026-07-31,NEFT,DEBIT,Supplier 33,
339,145595.15,Paid INV/344,REF339,2025-10-20,NEFT,DEBIT,Supplier 2,
340,87642.15,Paid INV/25-26/345,REF340,2026-09-17,NEFT,DEBIT,Supplier 23,
341,136933.11,Paid INV/346,REF341,2026-09-15,NEFT,DEBIT,Supplier 12,
342,82644.7,Paid INV/347,REF342,2026-06-06,NEFT,DEBIT,Supplier 24,
343,117719.68,Paid INV/348,REF343,2026-10-20,NEFT,DEBIT,Supplier 35,
344,27689.09,Paid INV/349,REF344,2025-09-30,NEFT,DEBIT,Supplier 26,
345,121135.83,Paid INV/350,REF345,2026-07-27,NEFT,DEBIT,Supplier 20,
346,65127.93,Paid INV/351,REF346,2026-08-23,NEFT,DEBIT,Supplier 16,
347,128493.06,Paid INV/352,REF347,2026-10-02,NEFT,DEBIT,Supplier 8,
348,18889.19,Paid INV/353,REF348,2025-08-31,NEFT,DEBIT,Supplier 2,
349,132606.58,Paid INV/354,REF349,2026-02-24,NEFT,DEBIT,Supplier 4,
350,92116.58,Paid INV/355,REF350,2025-11-07,NEFT,DEBIT,Supplier 4,
351,104705.94,Paid INV/356,REF351,2026-09-01,NEFT,DEBIT,Supplier 37,
352,84610.47,Paid INV/357,REF352,2026-09-01,NEFT,DEBIT,Supplier 10,
353,108589.71,Paid INV/358,REF353,2026-09-28,NEFT,DEBIT,Supplier 12,
354,60435.47,Paid INV/359,REF354,2025-08-04,NEFT,DEBIT,Supplier 25,
355,70729.66,Paid INV/360,REF355,2026-08-17,NEFT,DEBIT,Supplier 35,
356,90873.26,Paid INV/361,REF356,2026-09-23,NEFT,DEBIT,Supplier 30,
357,73129.76,Paid INV/362,REF357,2026-04-22,NEFT,DEBIT,Supplier 25,
358,92587.21,Paid INV/363,REF358,2025-08-20,NEFT,DEBIT,Supplier 24,
359,12666.59,Paid 364,REF359,2026-10-19,NEFT,DEBIT,Supplier 39,
360,65240.93,Paid INV/365,REF360,2026-07-16,NEFT,DEBIT,Supplier 14,
361,184961.6,Paid BILL-366,REF361,2025-09-03,NEFT,DEBIT,Supplier 1,
362,162478.14,Paid INV/367,REF362,2026-09-30,NEFT,DEBIT,Supplier 14,
363,59947.27,Paid INV/368,REF363,2026-09-22,NEFT,DEBIT,Supplier 35,
364,127478.83,Paid INV/369,REF364,2026-03-30,NEFT,DEBIT,Supplier 30,
365,59440.95,Paid INV/25-26/370,REF365,2026-08-04,NEFT,DEBIT,Supplier 14,
366,104991.35,Paid INV/371,REF366,2026-08-27,NEFT,DEBIT,Supplier 36,
367,148488.36,Paid INV/372,REF367,2026-08-23,NEFT,DEBIT,Supplier 25,
368,136511.0,Paid INV/373,REF368,2026-06-11,NEFT,DEBIT,Supplier 22,
369,34684.78,Paid INV/374,REF369,2026-07-16,NEFT,DEBIT,Supplier 32,
370,162781.48,Paid INV/375,REF370,2026-10-02,NEFT,DEBIT,Supplier 32,
371,132998.18,Paid 376,REF371,2026-04-14,NEFT,DEBIT,Supplier 34,
372,162776.29,Paid INV/377,REF372,2025-08-04,NEFT,DEBIT,Supplier 27,
373,69754.64,Paid INV/378,REF373,2026-08-21,NEFT,DEBIT,Supplier 33,
374,79525.83,Paid 379,REF374,2026-06-17,NEFT,DEBIT,Supplier 31,
375,173146.72,Paid 380,REF375,2026-09-30,NEFT,DEBIT,Supplier 18,
376,145022.93,Paid INV/381,REF376,2026-06-21,NEFT,DEBIT,Supplier 12,
377,75239.27,Paid INV/382,REF377,2026-09-30,NEFT,DEBIT,Supplier 17,
378,71112.87,Paid INV/383,REF378,2026-01-18,NEFT,DEBIT,Supplier 30,
379,156232.47,Paid INV/384,REF379,2025-12-11,NEFT,DEBIT,Supplier 6,
380,87344.47,Paid INV/385,REF380,2026-09-11,NEFT,DEBIT,Supplier 25,
381,61231.95,Paid INV/387,REF381,2026-09-23,NEFT,DEBIT,Supplier 34,
382,13866.76,Paid BILL-388,REF382,2026-06-30,NEFT,DEBIT,Supplier 31,
383,164811.92,Paid INV/389,REF383,2026-10-14,NEFT,DEBIT,Supplier 3,
384,71814.91,Paid INV/390,REF384,2025-10-25,NEFT,DEBIT,Supplier 26,
385,141746.05,Paid INV/391,REF385,2026-04-27,NEFT,DEBIT,Supplier 25,
386,133447.62,Paid INV/392,REF386,2026-08-01,NEFT,DEBIT,Supplier 6,
387,109444.37,Paid INV/393,REF387,2025-08-30,NEFT,DEBIT,Supplier 5,
388,139965.09,Paid INV/394,REF388,2026-05-12,NEFT,DEBIT,Supplier 2,
389,122195.78,Paid INV/395,REF389,2026-09-11,NEFT,DEBIT,Supplier 28,
390,138752.95,Paid INV/25-26/396,REF390,2025-08-23,NEFT,DEBIT,Supplier 19,
391,60083.64,Paid INV/25-26/397,REF391,2026-01-21,NEFT,DEBIT,Supplier 10,
392,25424.2,Paid BILL-398,REF392,2025-12-15,NEFT,DEBIT,Supplier 18,
393,9248.38,Paid INV/399,REF393,2026-04-22,NEFT,DEBIT,Supplier 27,
394,8011.48,Paid INV/400,REF394,2025-08-27,NEFT,DEBIT,Supplier 21,
395,95060.99,Paid INV/401,REF395,2026-10-04,NEFT,DEBIT,Supplier 16,
396,30869.45,Paid BILL-402,REF396,2026-09-01,NEFT,DEBIT,Supplier 18,
397,167456.43,Paid INV/403,REF397,2026-08-03,NEFT,DEBIT,Supplier 24,
398,24202.97,Paid INV/404,REF398,2026-03-21,NEFT,DEBIT,Supplier 13,
399,81222.14,Paid INV/405,REF399,2026-10-12,NEFT,DEBIT,Supplier 25,
400,80904.48,Paid INV/406,REF400,2026-09-05,NEFT,DEBIT,Supplier 39,
401,171648.89,Paid INV/407,REF401,2026-09-03,NEFT,DEBIT,Supplier 12,
402,61659.13,Paid INV/408,REF402,2026-07-01,NEFT,DEBIT,Supplier 37,
403,107230.05,Paid INV/409,REF403,2026-07-29,NEFT,DEBIT,Supplier 37,
404,167243.0,Paid INV/410,REF404,2026-08-04,NEFT,DEBIT,Supplier 2,
405,121046.48,Paid BILL-411,REF405,2026-10-21,NEFT,DEBIT,Supplier 5,
406,18555.43,Paid INV/412,REF406,2026-08-13,NEFT,DEBIT,Supplier 28,
407,163910.12,Paid INV/413,REF407,2026-03-13,NEFT,DEBIT,Supplier 35,
408,107502.59,Paid INV/414,REF408,2026-01-31,NEFT,DEBIT,Supplier 24,
409,126483.17,Paid 415,REF409,2025-09-04,NEFT,DEBIT,Supplier 23,
410,24027.11,Paid INV/25-26/416,REF410,2026-06-22,NEFT,DEBIT,Supplier 22,
411,123559.38,Paid INV/417,REF411,2026-03-29,NEFT,DEBIT,Supplier 36,
412,31692.46,Paid INV/418,REF412,2026-10-19,NEFT,DEBIT,Supplier 38,
413,131818.12,Paid INV/419,REF413,2026-09-16,NEFT,DEBIT,Supplier 6,
414,88528.64,Paid INV/420,REF414,2026-09-21,NEFT,DEBIT,Supplier 14,
415,17393.53,Paid 421,REF415,2026-02-20,NEFT,DEBIT,Supplier 29,
416,127057.63,Paid INV/422,REF416,2026-09-06,NEFT,DEBIT,Supplier 7,
417,62532.33,Paid INV/423,REF417,2026-08-16,NEFT,DEBIT,Supplier 36,
418,115485.94,Paid INV/424,REF418,2026-09-14,NEFT,DEBIT,Supplier 12,
419,107225.96,Paid INV/425,REF419,2025-07-25,NEFT,DEBIT,Supplier 13,
420,23309.78,Paid INV/426,REF420,2026-09-27,NEFT,DEBIT,Supplier 5,
421,66193.3,Paid INV/427,REF421,2026-08-19,NEFT,DEBIT,Supplier 30,
422,72396.17,Paid INV/428,REF422,2026-04-07,NEFT,DEBIT,Supplier 21,
423,145130.62,Paid INV/429,REF423,2026-09-21,NEFT,DEBIT,Supplier 40,
424,107578.76,Paid INV/430,REF424,2025-11-30,NEFT,DEBIT,Supplier 38,
425,93302.14,Paid INV/431,REF425,2026-08-17,NEFT,DEBIT,Supplier 24,
426,96725.99,Paid INV/432,REF426,2025-09-19,NEFT,DEBIT,Supplier 28,
427,34450.69,Paid INV/433,REF427,2026-10-24,NEFT,DEBIT,Supplier 12,
428,137025.76,Paid INV/434,REF428,2026-09-20,NEFT,DEBIT,Supplier 40,
429,117640.24,Paid INV/435,REF429,2026-09-12,NEFT,DEBIT,Supplier 36,
430,34517.08,Paid INV/436,REF430,2026-03-19,NEFT,DEBIT,Supplier 29,
431,68096.35,Paid INV/437,REF431,2026-08-22,NEFT,DEBIT,Supplier 19,
432,99958.15,Paid INV/25-26/438,REF432,2025-10-05,NEFT,DEBIT,Supplier 37,
433,146648.72,Paid 439,REF433,2025-11-25,NEFT,DEBIT,Supplier 24,
434,117304.28,Paid INV/440,REF434,2026-02-21,NEFT,DEBIT,Supplier 28,
435,65541.52,Paid INV/441,REF435,2026-07-29,NEFT,DEBIT,Supplier 29,
436,65410.15,Paid INV/442,REF436,2026-02-20,NEFT,DEBIT,Supplier 8,
437,70438.43,Paid INV/443,REF437,2026-10-23,NEFT,DEBIT,Supplier 40,
438,65924.52,Paid INV/444,REF438,2026-08-20,NEFT,DEBIT,Supplier 4,
439,103895.06,Paid INV/445,REF439,2026-10-23,NEFT,DEBIT,Supplier 19,
440,170630.29,Paid INV/446,REF440,2026-03-31,NEFT,DEBIT,Supplier 7,
441,68547.58,Paid INV/447,REF441,2025-10-01,NEFT,DEBIT,Supplier 9,
442,30225.57,Paid INV/448,REF442,2026-10-19,NEFT,DEBIT,Supplier 26,
443,101719.83,Paid INV/449,REF443,2026-05-28,NEFT,DEBIT,Supplier 29,
444,83698.43,Paid INV/450,REF444,2025-08-27,NEFT,DEBIT,Supplier 18,
445,106365.89,Paid INV/451,REF445,2026-08-05,NEFT,DEBIT,Supplier 30,
446,186084.66,Paid INV/452,REF446,2025-08-12,NEFT,DEBIT,Supplier 26,
447,104784.45,Paid INV/453,REF447,2026-08-30,NEFT,DEBIT,Supplier 22,
448,20410.26,Paid INV/454,REF448,2026-03-16,NEFT,DEBIT,Supplier 4,
449,6015.65,Paid INV/455,REF449,2026-08-14,NEFT,DEBIT,Supplier 29,
450,72209.03,Paid INV/456,REF450,2025-10-22,NEFT,DEBIT,Supplier 9,
451,20002.16,Paid INV/457,REF451,2026-10-16,NEFT,DEBIT,Supplier 24,
452,79341.42,Paid INV/25-26/458,REF452,2026-09-13,NEFT,DEBIT,Supplier 20,
453,68201.25,Paid INV/459,REF453,2026-08-03,NEFT,DEBIT,Supplier 9,
454,124648.71,Paid INV/460,REF454,2026-09-06,NEFT,DEBIT,Supplier 8,
455,68789.8,Paid INV/461,REF455,2026-08-07,NEFT,DEBIT,Supplier 7,
456,156425.14,Paid 462,REF456,2026-01-22,NEFT,DEBIT,Supplier 9,
457,65988.22,Paid INV/463,REF457,2026-10-16,NEFT,DEBIT,Supplier 11,
458,72602.94,Paid INV/464,REF458,2026-09-15,NEFT,DEBIT,Supplier 40,
459,66047.75,Paid INV/465,REF459,2026-07-30,NEFT,DEBIT,Supplier 38,
460,100586.16,Paid INV/466,REF460,2026-08-29,NEFT,DEBIT,Supplier 6,
461,41051.76,Paid INV/467,REF461,2025-12-26,NEFT,DEBIT,Supplier 2,
462,13558.15,Paid INV/468,REF462,2025-10-15,NEFT,DEBIT,Supplier 19,
463,91378.57,Paid INV/469,REF463,2025-10-31,NEFT,DEBIT,Supplier 8,
464,28482.27,Paid INV/470,REF464,2026-05-25,NEFT,DEBIT,Supplier 1,
465,31554.29,Paid INV/471,REF465,2026-04-28,NEFT,DEBIT,Supplier 35,
466,66167.71,Paid INV/25-26/472,REF466,2026-09-28,NEFT,DEBIT,Supplier 5,
467,78373.72,Paid INV/473,REF467,2026-08-30,NEFT,DEBIT,Supplier 33,
468,76974.73,Paid INV/474,REF468,2026-06-03,NEFT,DEBIT,Supplier 40,
469,61806.97,Paid INV/475,REF469,2026-03-29,NEFT,DEBIT,Supplier 10,
470,125443.44,Paid INV/476,REF470,2026-08-05,NEFT,DEBIT,Supplier 5,
471,25745.3,Paid INV/477,REF471,2026-08-25,NEFT,DEBIT,Supplier 6,
472,7178.24,Paid INV/25-26/478,REF472,2026-10-17,NEFT,DEBIT,Supplier 12,
473,94396.83,Paid INV/479,REF473,2025-10-02,NEFT,DEBIT,Supplier 23,
474,122700.26,Paid BILL-480,REF474,2026-07-31,NEFT,DEBIT,Supplier 18,
475,113270.87,Paid INV/481,REF475,2025-11-27,NEFT,DEBIT,Supplier 17,
476,68811.38,Paid INV/482,REF476,2026-09-26,NEFT,DEBIT,Supplier 37,
477,143888.76,Paid INV/25-26/483,REF477,2025-09-01,NEFT,DEBIT,Supplier 8,
478,36520.22,Paid INV/484,REF478,2026-08-30,NEFT,DEBIT,Supplier 25,
479,66126.45,Paid INV/485,REF479,2026-10-13,NEFT,DEBIT,Supplier 27,
480,26329.49,Paid INV/486,REF480,2026-08-03,NEFT,DEBIT,Supplier 37,
481,17693.31,Paid INV/487,REF481,2026-09-29,NEFT,DEBIT,Supplier 3,
482,20680.56,Paid INV/488,REF482,2025-12-02,NEFT,DEBIT,Supplier 20,
483,71006.12,Paid INV/489,REF483,2026-10-05,NEFT,DEBIT,Supplier 20,
484,136018.51,Paid INV/490,REF484,2026-03-20,NEFT,DEBIT,Supplier 13,
485,106910.78,Paid INV/491,REF485,2025-07-14,NEFT,DEBIT,Supplier 2,
486,96551.26,Paid INV/493,REF486,2026-07-23,NEFT,DEBIT,Supplier 7,
487,21816.85,Paid INV/494,REF487,2026-03-19,NEFT,DEBIT,Supplier 10,
488,84342.16,Paid INV/495,REF488,2026-09-09,NEFT,DEBIT,Supplier 27,
489,95366.13,Paid 496,REF489,2026-08-11,NEFT,DEBIT,Supplier 26,
490,125794.15,Paid INV/497,REF490,2026-08-27,NEFT,DEBIT,Supplier 21,
491,148906.2,Paid 498,REF491,2025-12-20,NEFT,DEBIT,Supplier 15,
492,59631.1,Paid BILL-499,REF492,2026-08-15,NEFT,DEBIT,Supplier 29,
493,151759.71,Paid 500,REF493,2026-09-02,NEFT,DEBIT,Supplier 30,
494,58986.91,Paid INV/501,REF494,2025-12-13,NEFT,DEBIT,Supplier 39,
495,93752.95,Paid INV/502,REF495,2026-08-25,NEFT,DEBIT,Supplier 23,
496,150206.71,Paid INV/503,REF496,2025-11-21,NEFT,DEBIT,Supplier 12,
497,75596.08,Paid INV/504,REF497,2026-04-21,NEFT,DEBIT,Supplier 16,
498,39800.56,Paid INV/505,REF498,2026-08-01,NEFT,DEBIT,Supplier 15,
499,106184.92,Paid INV/506,REF499,2025-12-07,NEFT,DEBIT,Supplier 6,
500,72762.42,Paid BILL-507,REF500,2026-08-02,NEFT,DEBIT,Supplier 13,
501,164018.94,Paid INV/508,REF501,2026-09-22,NEFT,DEBIT,Supplier 4,
502,70209.59,Paid INV/509,REF502,2026-07-28,NEFT,DEBIT,Supplier 25,
503,11828.52,Paid INV/510,REF503,2026-08-29,NEFT,DEBIT,Supplier 29,
504,156943.41,Paid INV/511,REF504,2025-11-13,NEFT,DEBIT,Supplier 32,
505,109966.77,Paid INV/512,REF505,2025-09-30,NEFT,DEBIT,Supplier 27,
506,155886.7,Paid INV/513,REF506,2025-11-15,NEFT,DEBIT,Supplier 35,
507,162059.04,Paid INV/514,REF507,2025-12-31,NEFT,DEBIT,Supplier 32,
508,66974.36,Paid INV/515,REF508,2026-07-28,NEFT,DEBIT,Supplier 21,
509,137106.69,Paid INV/516,REF509,2026-09-23,NEFT,DEBIT,Supplier 34,
510,66607.07,Paid INV/518,REF510,2026-08-22,NEFT,DEBIT,Supplier 37,
511,143842.57,Paid INV/519,REF511,2026-08-24,NEFT,DEBIT,Supplier 38,
512,102333.07,Paid INV/520,REF512,2026-10-21,NEFT,DEBIT,Supplier 23,
513,50393.93,Paid INV/107-SP0,REF513,2026-09-15,NEFT,DEBIT,Supplier 31,
514,52359.3,Paid INV/107-SP1,REF514,2026-09-15,NEFT,DEBIT,Supplier 31,
515,57400.04,Paid INV/107-SP2,REF515,2026-09-15,NEFT,DEBIT,Supplier 31,
516,52169.5,Paid INV/516-SP0,REF516,2026-09-22,NEFT,DEBIT,Supplier 34,
517,53804.32,Paid INV/516-SP1,REF517,2026-09-22,NEFT,DEBIT,Supplier 34,
518,48875.73,Paid INV/516-SP2,REF518,2026-09-22,NEFT,DEBIT,Supplier 34,
519,46141.58,Paid INV/99-SP0,REF519,2026-09-28,NEFT,DEBIT,Supplier 25,
520,50171.69,Paid INV/99-SP1,REF520,2026-09-28,NEFT,DEBIT,Supplier 25,
521,52298.92,Paid INV/99-SP2,REF521,2026-09-28,NEFT,DEBIT,Supplier 25,
522,3540.46,Paid FZ8X1,REF522,2026-09-25,NEFT,DEBIT,Supplier 8,
523,2227.36,Paid FZ32X2,REF523,2026-09-25,NEFT,DEBIT,Supplier 32,
524,5341.8,Paid FZ35X3,REF524,2026-09-28,NEFT,DEBIT,Supplier 35,
525,2647.77,Paid FZ24X4,REF525,2026-09-28,NEFT,DEBIT,Supplier 24,
526,1406.6,Paid FZ29X5,REF526,2026-10-02,NEFT,DEBIT,Supplier 29,
527,3059.46,Paid FZ37X6,REF527,2026-10-02,NEFT,DEBIT,Supplier 37,
528,816.24,Paid FZ6X7,REF528,2026-10-07,NEFT,DEBIT,Supplier 6,
529,4137.84,Paid FZ38X8,REF529,2026-09-27,NEFT,DEBIT,Supplier 38,
530,1600.0,Paid FZ34X9,REF530,2026-09-28,NEFT,DEBIT,Supplier 34,
531,2812.93,Paid FZ37X10,REF531,2026-09-25,NEFT,DEBIT,Supplier 37,
532,5000.0,Advance,REF532,2026-09-20,NEFT,DEBIT,Supplier 10,
533,5000.0,Advance,REF533,2026-09-20,NEFT,DEBIT,Supplier 10,
534,5000.0,Advance,REF534,2026-09-20,NEFT,DEBIT,Supplier 10,
535,5000.0,Advance,REF535,2026-09-20,NEFT,DEBIT,Supplier 10,
536,5000.0,Advance,REF536,2026-09-20,NEFT,DEBIT,Supplier 10,
537,79700.0,UPI SETTLE,REF537,2026-10-15,UPI,CREDIT,UPI,P2M
538,5313.62,UPI SETTLE,REF538,2026-10-15,UPI,CREDIT,UPI,P2M
539,4945.36,UPI SETTLE,REF539,2026-10-15,UPI,CREDIT,UPI,P2M
540,3695.93,UPI SETTLE,REF540,2026-10-15,UPI,CREDIT,UPI,P2M
541,4560.26,UPI SETTLE,REF541,2026-10-15,UPI,CREDIT,UPI,P2M
542,2974.52,UPI SETTLE,REF542,2026-10-15,UPI,CREDIT,UPI,P2M
543,4602.96,UPI SETTLE,REF543,2026-10-15,UPI,CREDIT,UPI,P2M
544,5246.87,UPI SETTLE,REF544,2026-10-15,UPI,CREDIT,UPI,P2M
545,4364.94,UPI SETTLE,REF545,2026-10-15,UPI,CREDIT,UPI,P2M
546,3360.86,UPI SETTLE,REF546,2026-10-15,UPI,CREDIT,UPI,P2M
547,3912.2,UPI SETTLE,REF547,2026-10-15,UPI,CREDIT,UPI,P2M
548,3727.35,UPI SETTLE,REF548,2026-10-15,UPI,CREDIT,UPI,P2M
549,3828.64,UPI SETTLE,REF549,2026-10-15,UPI,CREDIT,UPI,P2M
550,3226.78,UPI SETTLE,REF550,2026-10-15,UPI,CREDIT,UPI,P2M
551,4240.15,UPI SETTLE,REF551,2026-10-15,UPI,CREDIT,UPI,P2M
552,4834.97,UPI SETTLE,REF552,2026-10-15,UPI,CREDIT,UPI,P2M
553,4134.56,UPI SETTLE,REF553,2026-10-15,UPI,CREDIT,UPI,P2M
554,5350.51,UPI SETTLE,REF554,2026-10-15,UPI,CREDIT,UPI,P2M
555,4123.42,UPI SETTLE,REF555,2026-10-15,UPI,CREDIT,UPI,P2M
556,3527.98,UPI SETTLE,REF556,2026-10-15,UPI,CREDIT,UPI,P2M
557,5658.19,UPI,REF557,2026-10-10,UPI,CREDIT,UPI,P2M
558,4440.13,UPI,REF558,2026-10-10,UPI,CREDIT,UPI,P2M
559,4391.92,UPI,REF559,2026-10-10,UPI,CREDIT,UPI,P2M
560,4576.43,UPI,REF560,2026-10-10,UPI,CREDIT,UPI,P2M
561,1500.0,UPI,REF561,2026-10-15,UPI,CREDIT,UPI,P2M
562,1500.0,UPI,REF562,2026-10-15,UPI,CREDIT,UPI,P2M
563,1500.0,UPI,REF563,2026-10-15,UPI,CREDIT,UPI,P2M
564,1500.0,UPI,REF564,2026-10-15,UPI,CREDIT,UPI,P2M
565,3310.94,UPI,REF565,2026-10-15,UPI,CREDIT,UPI,P2M
566,5581.86,UPI,REF566,2026-10-15,UPI,CREDIT,UPI,P2M
567,3828.69,UPI,REF567,2026-10-15,UPI,CREDIT,UPI,P2M
568,4485.88,Payment,REF568,2026-10-15,NEFT,CREDIT,Cust,
569,5898.31,Payment,REF569,2026-10-15,NEFT,CREDIT,Cust,
570,3783.89,Payment,REF570,2026-10-15,NEFT,CREDIT,Cust,
571,3765.63,Payment,REF571,2026-10-15,NEFT,CREDIT,Cust,
572,5758.95,Payment,REF572,2026-10-15,NEFT,CREDIT,Cust,
573,3658.9,Payment,REF573,2026-10-15,NEFT,CREDIT,Cust,
574,4958.23,Payment,REF574,2026-10-15,NEFT,CREDIT,Cust,
575,3715.31,Payment,REF575,2026-10-15,NEFT,CREDIT,Cust,
576,4669.92,Payment,REF576,2026-10-15,NEFT,CREDIT,Cust,
577,42427.02,Payment,REF577,2026-07-07,NEFT,CREDIT,Cust,
578,38087.3,Payment,REF578,2026-03-31,NEFT,CREDIT,Cust,
579,55569.42,Payment,REF579,2026-10-08,NEFT,CREDIT,Cust,
580,18537.27,Payment,REF580,2026-03-17,NEFT,CREDIT,Cust,
581,39203.28,Payment,REF581,2026-09-04,NEFT,CREDIT,Cust,
582,18166.6,Payment,REF582,2025-10-01,NEFT,CREDIT,Cust,
583,44019.94,Payment,REF583,2025-09-04,NEFT,CREDIT,Cust,
584,33503.21,Payment,REF584,2026-08-18,NEFT,CREDIT,Cust,
585,53194.36,Payment,REF585,2026-06-14,NEFT,CREDIT,Cust,
586,14030.7,Payment,REF586,2025-08-15,NEFT,CREDIT,Cust,
587,51566.21,Payment,REF587,2026-07-17,NEFT,CREDIT,Cust,
588,52457.29,Payment,REF588,2026-08-08,NEFT,CREDIT,Cust,
589,35037.69,Payment,REF589,2025-11-11,NEFT,CREDIT,Cust,
590,7990.12,Payment,REF590,2026-09-09,NEFT,CREDIT,Cust,
591,37860.82,Payment,REF591,2026-09-17,NEFT,CREDIT,Cust,
592,5297.69,Payment,REF592,2026-05-14,NEFT,CREDIT,Cust,
593,8107.76,Payment,REF593,2026-03-14,NEFT,CREDIT,Cust,
594,31815.27,Payment,REF594,2026-01-12,NEFT,CREDIT,Cust,
595,51532.5,Payment,REF595,2025-07-28,NEFT,CREDIT,Cust,
596,58557.55,Payment,REF596,2025-09-09,NEFT,CREDIT,Cust,
597,58259.42,Payment,REF597,2026-01-26,NEFT,CREDIT,Cust,
598,19473.29,Payment,REF598,2025-09-12,NEFT,CREDIT,Cust,
599,46218.38,Payment,REF599,2025-10-01,NEFT,CREDIT,Cust,
600,37666.32,Payment,REF600,2025-12-18,NEFT,CREDIT,Cust,
601,37866.73,Payment,REF601,2025-12-08,NEFT,CREDIT,Cust,
602,16995.39,Payment,REF602,2026-02-17,NEFT,CREDIT,Cust,
603,10928.78,Payment,REF603,2026-08-01,NEFT,CREDIT,Cust,
604,29487.35,Payment,REF604,2025-09-20,NEFT,CREDIT,Cust,
605,6270.56,Payment,REF605,2026-08-04,NEFT,CREDIT,Cust,
606,37808.25,Payment,REF606,2026-02-08,NEFT,CREDIT,Cust,
607,56995.25,Payment,REF607,2026-02-05,NEFT,CREDIT,Cust,
608,3361.28,Payment,REF608,2025-07-03,NEFT,CREDIT,Cust,
609,22752.72,Payment,REF609,2026-07-10,NEFT,CREDIT,Cust,
610,19810.36,Payment,REF610,2026-09-30,NEFT,CREDIT,Cust,
611,2215.91,Payment,REF611,2025-10-06,NEFT,CREDIT,Cust,
612,43596.94,Payment,REF612,2026-05-17,NEFT,CREDIT,Cust,
613,51887.28,Payment,REF613,2026-06-21,NEFT,CREDIT,Cust,
614,7118.59,Payment,REF614,2025-09-05,NEFT,CREDIT,Cust,
615,18879.58,Payment,REF615,2026-04-28,NEFT,CREDIT,Cust,
616,3823.44,Payment,REF616,2026-08-26,NEFT,CREDIT,Cust,
617,43263.24,Payment,REF617,2026-02-19,NEFT,CREDIT,Cust,
618,20713.63,Payment,REF618,2026-03-26,NEFT,CREDIT,Cust,
619,20996.81,Payment,REF619,2025-09-07,NEFT,CREDIT,Cust,
620,44551.68,Payment,REF620,2025-12-31,NEFT,CREDIT,Cust,
621,54270.64,Payment,REF621,2026-10-08,NEFT,CREDIT,Cust,
622,14387.15,Payment,REF622,2025-07-10,NEFT,CREDIT,Cust,
623,13391.02,Payment,REF623,2025-09-06,NEFT,CREDIT,Cust,
624,30357.91,Payment,REF624,2026-04-28,NEFT,CREDIT,Cust,
625,42296.38,Payment,REF625,2026-01-04,NEFT,CREDIT,Cust,
626,51861.78,Payment,REF626,2026-01-09,NEFT,CREDIT,Cust,
627,32098.29,Payment,REF627,2026-07-30,NEFT,CREDIT,Cust,
628,58692.41,Payment,REF628,2026-05-01,NEFT,CREDIT,Cust,
629,38969.28,Payment,REF629,2025-08-25,NEFT,CREDIT,Cust,
630,41061.33,Payment,REF630,2025-07-25,NEFT,CREDIT,Cust,
631,23166.27,Payment,REF631,2026-02-13,NEFT,CREDIT,Cust,
632,28609.6,Payment,REF632,2025-11-07,NEFT,CREDIT,Cust,
633,41376.0,Payment,REF633,2025-10-14,NEFT,CREDIT,Cust,
634,18590.56,Payment,REF634,2025-07-05,NEFT,CREDIT,Cust,
635,39484.77,Payment,REF635,2025-08-21,NEFT,CREDIT,Cust,
636,36197.77,Payment,REF636,2026-05-15,NEFT,CREDIT,Cust,
637,49208.34,Payment,REF637,2026-01-31,NEFT,CREDIT,Cust,
638,42739.07,Payment,REF638,2026-03-19,NEFT,CREDIT,Cust,
639,7772.21,Payment,REF639,2025-11-22,NEFT,CREDIT,Cust,
640,12665.75,Payment,REF640,2026-03-12,NEFT,CREDIT,Cust,
641,16386.31,Payment,REF641,2026-08-03,NEFT,CREDIT,Cust,
642,21875.04,Payment,REF642,2025-10-12,NEFT,CREDIT,Cust,
643,10452.81,Payment,REF643,2025-11-29,NEFT,CREDIT,Cust,
644,53816.81,Payment,REF644,2026-03-12,NEFT,CREDIT,Cust,
645,20295.5,Payment,REF645,2026-03-04,NEFT,CREDIT,Cust,
646,40013.82,Payment,REF646,2025-07-07,NEFT,CREDIT,Cust,
647,34377.52,Payment,REF647,2026-09-01,NEFT,CREDIT,Cust,
648,56076.96,Payment,REF648,2025-09-15,NEFT,CREDIT,Cust,
649,5519.28,Payment,REF649,2026-03-19,NEFT,CREDIT,Cust,
650,53494.34,Payment,REF650,2025-08-21,NEFT,CREDIT,Cust,
651,27589.36,Payment,REF651,2025-10-27,NEFT,CREDIT,Cust,
652,28024.52,Payment,REF652,2025-11-13,NEFT,CREDIT,Cust,
653,11281.26,Payment,REF653,2026-08-21,NEFT,CREDIT,Cust,
654,17980.59,Payment,REF654,2026-09-10,NEFT,CREDIT,Cust,
655,25811.05,Payment,REF655,2025-12-08,NEFT,CREDIT,Cust,
656,50399.04,Payment,REF656,2025-08-18,NEFT,CREDIT,Cust,
657,50442.57,Payment,REF657,2025-07-05,NEFT,CREDIT,Cust,
658,11039.02,Payment,REF658,2026-05-28,NEFT,CREDIT,Cust,
659,26488.65,Payment,REF659,2026-10-01,NEFT,CREDIT,Cust,
660,51973.45,Payment,REF660,2025-11-15,NEFT,CREDIT,Cust,
661,48301.23,Payment,REF661,2026-01-07,NEFT,CREDIT,Cust,
662,24352.96,Payment,REF662,2025-08-28,NEFT,CREDIT,Cust,
663,49500.66,Payment,REF663,2025-11-17,NEFT,CREDIT,Cust,
664,28832.13,Payment,REF664,2026-09-09,NEFT,CREDIT,Cust,
665,52415.68,Payment,REF665,2026-05-29,NEFT,CREDIT,Cust,
666,8841.82,Payment,REF666,2025-08-27,NEFT,CREDIT,Cust,
667,57934.33,Payment,REF667,2025-07-31,NEFT,CREDIT,Cust,
668,25234.72,Payment,REF668,2025-08-23,NEFT,CREDIT,Cust,
669,47566.94,Payment,REF669,2026-03-05,NEFT,CREDIT,Cust,
670,11660.49,Payment,REF670,2026-02-10,NEFT,CREDIT,Cust,
671,21914.19,Payment,REF671,2026-08-03,NEFT,CREDIT,Cust,
672,40755.71,Payment,REF672,2026-09-15,NEFT,CREDIT,Cust,
673,8734.49,Payment,REF673,2026-09-30,NEFT,CREDIT,Cust,
674,52500.68,Payment,REF674,2025-08-27,NEFT,CREDIT,Cust,
675,4842.09,Payment,REF675,2025-07-24,NEFT,CREDIT,Cust,
676,1894.67,Payment,REF676,2025-12-08,NEFT,CREDIT,Cust,
677,45558.51,Payment,REF677,2026-03-26,NEFT,CREDIT,Cust,
678,33849.01,Payment,REF678,2026-07-06,NEFT,CREDIT,Cust,
679,20740.54,Payment,REF679,2026-09-21,NEFT,CREDIT,Cust,
680,41687.55,Payment,REF680,2026-06-18,NEFT,CREDIT,Cust,
681,39440.26,Payment,REF681,2026-02-07,NEFT,CREDIT,Cust,
682,21171.23,Payment,REF682,2026-03-04,NEFT,CREDIT,Cust,
683,23433.56,Payment,REF683,2026-05-25,NEFT,CREDIT,Cust,
684,58294.11,Payment,REF684,2026-09-30,NEFT,CREDIT,Cust,
685,38381.32,Payment,REF685,2025-07-06,NEFT,CREDIT,Cust,
686,50260.25,Payment,REF686,2026-03-16,NEFT,CREDIT,Cust,
687,10743.65,Payment,REF687,2026-09-19,NEFT,CREDIT,Cust,
688,19719.05,Payment,REF688,2026-03-09,NEFT,CREDIT,Cust,
689,4091.28,Payment,REF689,2025-11-20,NEFT,CREDIT,Cust,
690,38376.61,Payment,REF690,2026-04-08,NEFT,CREDIT,Cust,
691,14767.7,Payment,REF691,2026-08-23,NEFT,CREDIT,Cust,
692,47508.92,Payment,REF692,2026-02-13,NEFT,CREDIT,Cust,
693,50707.99,Payment,REF693,2025-08-15,NEFT,CREDIT,Cust,
694,8043.64,Payment,REF694,2025-12-09,NEFT,CREDIT,Cust,
695,38958.03,Payment,REF695,2026-07-17,NEFT,CREDIT,Cust,
696,25021.42,Payment,REF696,2026-01-23,NEFT,CREDIT,Cust,
697,1189.82,Payment,REF697,2026-04-08,NEFT,CREDIT,Cust,
698,36115.03,Payment,REF698,2026-08-10,NEFT,CREDIT,Cust,
699,18791.85,Payment,REF699,2026-05-23,NEFT,CREDIT,Cust,
700,13140.14,Payment,REF700,2026-04-14,NEFT,CREDIT,Cust,
701,56129.53,Payment,REF701,2026-02-19,NEFT,CREDIT,Cust,
702,4318.2,Payment,REF702,2026-08-27,NEFT,CREDIT,Cust,
703,27456.88,Payment,REF703,2026-09-06,NEFT,CREDIT,Cust,
704,37014.41,Payment,REF704,2026-07-28,NEFT,CREDIT,Cust,
705,39177.4,Payment,REF705,2026-07-02,NEFT,CREDIT,Cust,
706,7772.83,Payment,REF706,2026-02-17,NEFT,CREDIT,Cust,
707,14001.42,Payment,REF707,2026-06-03,NEFT,CREDIT,Cust,
708,49163.89,Payment,REF708,2025-12-29,NEFT,CREDIT,Cust,
709,31361.18,Payment,REF709,2026-04-07,NEFT,CREDIT,Cust,
710,3826.89,Payment,REF710,2025-08-24,NEFT,CREDIT,Cust,
711,9300.77,Payment,REF711,2026-03-10,NEFT,CREDIT,Cust,
712,42900.55,Payment,REF712,2026-07-16,NEFT,CREDIT,Cust,
713,36499.45,Payment,REF713,2025-11-08,NEFT,CREDIT,Cust,
714,54965.11,Payment,REF714,2025-08-31,NEFT,CREDIT,Cust,
715,27606.4,Payment,REF715,2025-10-19,NEFT,CREDIT,Cust,
716,20719.31,Payment,REF716,2026-07-02,NEFT,CREDIT,Cust,
717,3868.65,Payment,REF717,2026-01-29,NEFT,CREDIT,Cust,
718,40043.24,Payment,REF718,2026-09-02,NEFT,CREDIT,Cust,
719,52741.23,Payment,REF719,2026-07-31,NEFT,CREDIT,Cust,
720,35254.26,Payment,REF720,2026-06-03,NEFT,CREDIT,Cust,
721,56910.08,Payment,REF721,2025-09-07,NEFT,CREDIT,Cust,
722,43747.89,Payment,REF722,2026-03-29,NEFT,CREDIT,Cust,
723,49680.35,Payment,REF723,2026-02-07,NEFT,CREDIT,Cust,
724,46342.13,Payment,REF724,2026-03-18,NEFT,CREDIT,Cust,
725,34632.01,Payment,REF725,2026-06-20,NEFT,CREDIT,Cust,
726,8603.04,Payment,REF726,2026-08-22,NEFT,CREDIT,Cust,
727,35903.58,Payment,REF727,2026-06-02,NEFT,CREDIT,Cust,
728,52142.01,Payment,REF728,2026-03-16,NEFT,CREDIT,Cust,
729,54137.93,Payment,REF729,2026-05-08,NEFT,CREDIT,Cust,
730,16999.32,Payment,REF730,2025-11-05,NEFT,CREDIT,Cust,
731,27363.54,Payment,REF731,2025-11-28,NEFT,CREDIT,Cust,
732,25044.95,Payment,REF732,2025-09-09,NEFT,CREDIT,Cust,
733,44454.05,Payment,REF733,2026-09-27,NEFT,CREDIT,Cust,
734,41740.4,Payment,REF734,2026-09-05,NEFT,CREDIT,Cust,
735,43782.85,Payment,REF735,2026-06-30,NEFT,CREDIT,Cust,
736,13746.75,Payment,REF736,2026-05-20,NEFT,CREDIT,Cust,
737,42485.71,Payment,REF737,2026-05-16,NEFT,CREDIT,Cust,
738,54443.31,Payment,REF738,2025-12-24,NEFT,CREDIT,Cust,
739,38767.99,Payment,REF739,2026-06-29,NEFT,CREDIT,Cust,
740,32546.85,Payment,REF740,2026-03-15,NEFT,CREDIT,Cust,
741,42252.59,Payment,REF741,2025-12-13,NEFT,CREDIT,Cust,
742,33691.04,Payment,REF742,2025-12-28,NEFT,CREDIT,Cust,
743,55685.39,Payment,REF743,2026-04-19,NEFT,CREDIT,Cust,
744,40164.76,Payment,REF744,2026-01-30,NEFT,CREDIT,Cust,
745,51915.73,Payment,REF745,2025-11-24,NEFT,CREDIT,Cust,
746,1918.4,Payment,REF746,2026-08-18,NEFT,CREDIT,Cust,
747,23201.93,Payment,REF747,2025-07-13,NEFT,CREDIT,Cust,
748,4452.88,Payment,REF748,2026-06-09,NEFT,CREDIT,Cust,
749,46599.47,Payment,REF749,2026-07-20,NEFT,CREDIT,Cust,
750,15667.44,Payment,REF750,2026-06-15,NEFT,CREDIT,Cust,
751,46531.54,Payment,REF751,2026-06-19,NEFT,CREDIT,Cust,
752,32470.57,Payment,REF752,2026-07-21,NEFT,CREDIT,Cust,
753,27349.01,Payment,REF753,2026-08-21,NEFT,CREDIT,Cust,
754,40238.91,Payment,REF754,2026-09-18,NEFT,CREDIT,Cust,
755,14149.45,Payment,REF755,2026-09-16,NEFT,CREDIT,Cust,
756,23665.43,Payment,REF756,2026-04-14,NEFT,CREDIT,Cust,
757,47252.92,Payment,REF757,2026-08-06,NEFT,CREDIT,Cust,
758,41245.57,Payment,REF758,2025-11-25,NEFT,CREDIT,Cust,
759,23588.41,Payment,REF759,2026-01-12,NEFT,CREDIT,Cust,
760,57024.48,Payment,REF760,2025-12-08,NEFT,CREDIT,Cust,
761,44179.0,Payment,REF761,2025-07-07,NEFT,CREDIT,Cust,
762,51416.91,Payment,REF762,2026-05-14,NEFT,CREDIT,Cust,
763,14221.22,Payment,REF763,2026-08-29,NEFT,CREDIT,Cust,
764,42205.92,Payment,REF764,2026-06-26,NEFT,CREDIT,Cust,
765,35200.44,Payment,REF765,2026-07-22,NEFT,CREDIT,Cust,
766,12539.85,Payment,REF766,2026-05-05,NEFT,CREDIT,Cust,
767,18189.36,Payment,REF767,2025-10-08,NEFT,CREDIT,Cust,
768,5485.8,Payment,REF768,2026-06-15,NEFT,CREDIT,Cust,
769,30890.63,Payment,REF769,2026-07-12,NEFT,CREDIT,Cust,
770,25956.32,Payment,REF770,2025-07-21,NEFT,CREDIT,Cust,
771,8700.45,Payment,REF771,2025-11-13,NEFT,CREDIT,Cust,
772,15925.03,Payment,REF772,2026-09-07,NEFT,CREDIT,Cust,
773,42214.24,Payment,REF773,2026-02-24,NEFT,CREDIT,Cust,
774,10067.13,Payment,REF774,2025-07-21,NEFT,CREDIT,Cust,
775,4120.47,Payment,REF775,2026-05-02,NEFT,CREDIT,Cust,
776,49930.35,Payment,REF776,2026-05-12,NEFT,CREDIT,Cust,
777,46852.49,Payment,REF777,2026-03-09,NEFT,CREDIT,Cust,
778,5393.97,Payment,REF778,2025-12-31,NEFT,CREDIT,Cust,
779,31558.34,Payment,REF779,2025-12-10,NEFT,CREDIT,Cust,
780,5121.97,Payment,REF780,2026-03-24,NEFT,CREDIT,Cust,
781,25229.14,Payment,REF781,2025-09-20,NEFT,CREDIT,Cust,
782,6496.29,Payment,REF782,2026-01-23,NEFT,CREDIT,Cust,
783,13516.12,Payment,REF783,2026-09-26,NEFT,CREDIT,Cust,
784,22041.33,Payment,REF784,2025-12-17,NEFT,CREDIT,Cust,
785,36928.98,Payment,REF785,2026-07-21,NEFT,CREDIT,Cust,
786,48805.66,Payment,REF786,2026-04-14,NEFT,CREDIT,Cust,
787,7813.23,Payment,REF787,2025-07-05,NEFT,CREDIT,Cust,
788,15076.92,Payment,REF788,2026-02-14,NEFT,CREDIT,Cust,
789,54293.88,Payment,REF789,2026-05-11,NEFT,CREDIT,Cust,
790,40645.12,Payment,REF790,2025-07-21,NEFT,CREDIT,Cust,
791,54139.21,Payment,REF791,2026-01-12,NEFT,CREDIT,Cust,
792,16016.07,Payment,REF792,2026-01-14,NEFT,CREDIT,Cust,
793,2608.48,Payment,REF793,2025-11-22,NEFT,CREDIT,Cust,
794,45729.98,Payment,REF794,2026-08-25,NEFT,CREDIT,Cust,
795,30595.09,Payment,REF795,2026-08-16,NEFT,CREDIT,Cust,
796,18319.81,Payment,REF796,2025-07-23,NEFT,CREDIT,Cust,
797,19700.49,Payment,REF797,2025-10-07,NEFT,CREDIT,Cust,
798,10858.77,Payment,REF798,2025-08-19,NEFT,CREDIT,Cust,
799,32009.97,Payment,REF799,2026-04-02,NEFT,CREDIT,Cust,
800,13367.38,Payment,REF800,2025-08-03,NEFT,CREDIT,Cust,
801,13505.78,Payment,REF801,2026-08-01,NEFT,CREDIT,Cust,
802,49498.16,Payment,REF802,2026-02-03,NEFT,CREDIT,Cust,
803,49098.24,Payment,REF803,2026-04-02,NEFT,CREDIT,Cust,
804,26345.45,Payment,REF804,2026-08-01,NEFT,CREDIT,Cust,
805,40847.03,Payment,REF805,2026-07-18,NEFT,CREDIT,Cust,
806,42629.33,Payment,REF806,2026-02-21,NEFT,CREDIT,Cust,
807,5415.2,Payment,REF807,2025-08-14,NEFT,CREDIT,Cust,
808,15745.32,Payment,REF808,2026-08-11,NEFT,CREDIT,Cust,
809,48686.03,Payment,REF809,2026-04-21,NEFT,CREDIT,Cust,
810,23616.05,Payment,REF810,2026-01-25,NEFT,CREDIT,Cust,
811,26217.51,Payment,REF811,2026-01-24,NEFT,CREDIT,Cust,
812,40110.14,Payment,REF812,2026-01-16,NEFT,CREDIT,Cust,
813,38267.06,Payment,REF813,2025-07-04,NEFT,CREDIT,Cust,
814,44889.64,Payment,REF814,2025-08-02,NEFT,CREDIT,Cust,
815,41705.0,Payment,REF815,2025-07-24,NEFT,CREDIT,Cust,
816,54839.72,Payment,REF816,2025-12-31,NEFT,CREDIT,Cust,
817,46678.09,Payment,REF817,2025-11-26,NEFT,CREDIT,Cust,
818,6181.74,Payment,REF818,2026-05-07,NEFT,CREDIT,Cust,
819,23233.34,Payment,REF819,2026-02-10,NEFT,CREDIT,Cust,
820,28585.97,Payment,REF820,2025-07-16,NEFT,CREDIT,Cust,
821,9065.57,Payment,REF821,2025-10-21,NEFT,CREDIT,Cust,
822,47290.56,Payment,REF822,2026-08-12,NEFT,CREDIT,Cust,
823,56694.96,Payment,REF823,2025-11-29,NEFT,CREDIT,Cust,
824,40340.85,Payment,REF824,2025-11-30,NEFT,CREDIT,Cust,
825,22754.41,Payment,REF825,2026-05-28,NEFT,CREDIT,Cust,
826,51759.02,Payment,REF826,2026-04-10,NEFT,CREDIT,Cust,
827,3595.32,Payment,REF827,2025-09-02,NEFT,CREDIT,Cust,
828,23965.8,Payment,REF828,2026-05-02,NEFT,CREDIT,Cust,
829,18797.25,Payment,REF829,2025-08-13,NEFT,CREDIT,Cust,
830,53423.05,Payment,REF830,2026-07-15,NEFT,CREDIT,Cust,
831,25039.68,Payment,REF831,2025-10-17,NEFT,CREDIT,Cust,
832,30815.79,Payment,REF832,2026-09-09,NEFT,CREDIT,Cust,
833,13945.96,Payment,REF833,2025-10-03,NEFT,CREDIT,Cust,
834,7807.47,Payment,REF834,2025-10-08,NEFT,CREDIT,Cust,
835,33980.86,Payment,REF835,2026-08-14,NEFT,CREDIT,Cust,
836,44605.24,Payment,REF836,2026-09-09,NEFT,CREDIT,Cust,
837,38455.08,Payment,REF837,2026-02-22,NEFT,CREDIT,Cust,
838,40016.84,Payment,REF838,2025-11-26,NEFT,CREDIT,Cust,
839,12594.68,Payment,REF839,2025-08-20,NEFT,CREDIT,Cust,
840,56198.04,Payment,REF840,2026-03-07,NEFT,CREDIT,Cust,
841,39994.31,Payment,REF841,2025-09-04,NEFT,CREDIT,Cust,
842,17666.63,Payment,REF842,2025-08-21,NEFT,CREDIT,Cust,
843,12368.09,Payment,REF843,2026-10-04,NEFT,CREDIT,Cust,
844,20164.97,Payment,REF844,2026-02-16,NEFT,CREDIT,Cust,
845,41275.75,Payment,REF845,2025-12-04,NEFT,CREDIT,Cust,
846,33955.95,Payment,REF846,2026-04-16,NEFT,CREDIT,Cust,
847,10930.74,Payment,REF847,2026-02-05,NEFT,CREDIT,Cust,
848,46606.87,Payment,REF848,2025-11-04,NEFT,CREDIT,Cust,
849,38233.29,Payment,REF849,2026-07-14,NEFT,CREDIT,Cust,
850,21965.48,Payment,REF850,2026-09-04,NEFT,CREDIT,Cust,
851,20350.96,Payment,REF851,2026-07-11,NEFT,CREDIT,Cust,
852,26930.6,Payment,REF852,2026-02-22,NEFT,CREDIT,Cust,
853,29336.69,Payment,REF853,2025-12-04,NEFT,CREDIT,Cust,
854,38505.8,Payment,REF854,2025-09-28,NEFT,CREDIT,Cust,
855,17405.21,Payment,REF855,2026-09-04,NEFT,CREDIT,Cust,
856,32322.89,Payment,REF856,2026-09-30,NEFT,CREDIT,Cust,
857,52427.94,Payment,REF857,2026-07-11,NEFT,CREDIT,Cust,
858,5539.63,Payment,REF858,2026-07-08,NEFT,CREDIT,Cust,
859,30505.05,Payment,REF859,2026-09-08,NEFT,CREDIT,Cust,
860,34824.9,Payment,REF860,2026-08-21,NEFT,CREDIT,Cust,
861,35295.9,Payment,REF861,2026-07-29,NEFT,CREDIT,Cust,
862,16248.84,Payment,REF862,2026-04-09,NEFT,CREDIT,Cust,
863,38988.97,Payment,REF863,2026-02-27,NEFT,CREDIT,Cust,
864,23874.26,Payment,REF864,2026-01-04,NEFT,CREDIT,Cust,
865,43575.17,Payment,REF865,2026-04-28,NEFT,CREDIT,Cust,
866,28049.02,Payment,REF866,2025-09-07,NEFT,CREDIT,Cust,
867,24122.11,Payment,REF867,2025-08-16,NEFT,CREDIT,Cust,
868,39496.07,Payment,REF868,2025-07-06,NEFT,CREDIT,Cust,
869,10769.07,Payment,REF869,2026-06-16,NEFT,CREDIT,Cust,
870,26980.46,Payment,REF870,2025-09-10,NEFT,CREDIT,Cust,
871,56034.52,Payment,REF871,2026-04-16,NEFT,CREDIT,Cust,
872,57134.47,Payment,REF872,2026-09-20,NEFT,CREDIT,Cust,
873,29136.17,Payment,REF873,2026-07-10,NEFT,CREDIT,Cust,
874,13832.13,Payment,REF874,2025-07-21,NEFT,CREDIT,Cust,
875,4814.64,Payment,REF875,2025-10-27,NEFT,CREDIT,Cust,
876,3655.18,Payment,REF876,2025-10-28,NEFT,CREDIT,Cust,
877,53664.72,Payment,REF877,2026-03-23,NEFT,CREDIT,Cust,
878,28336.57,Payment,REF878,2026-01-15,NEFT,CREDIT,Cust,
879,3865.02,Payment,REF879,2026-09-25,NEFT,CREDIT,Cust,
880,7148.48,Payment,REF880,2025-12-13,NEFT,CREDIT,Cust,
881,49150.2,Payment,REF881,2026-05-21,NEFT,CREDIT,Cust,
882,34636.47,Payment,REF882,2025-11-12,NEFT,CREDIT,Cust,
883,22958.46,Payment,REF883,2025-09-28,NEFT,CREDIT,Cust,
884,35159.59,Payment,REF884,2026-01-04,NEFT,CREDIT,Cust,
885,15726.72,Payment,REF885,2026-03-22,NEFT,CREDIT,Cust,
886,24645.8,Payment,REF886,2026-03-22,NEFT,CREDIT,Cust,
887,47011.46,Payment,REF887,2026-03-07,NEFT,CREDIT,Cust,
888,30196.21,Payment,REF888,2025-07-04,NEFT,CREDIT,Cust,
889,10755.33,Payment,REF889,2026-02-11,NEFT,CREDIT,Cust,
890,38385.84,Payment,REF890,2026-03-21,NEFT,CREDIT,Cust,
891,11986.89,Payment,REF891,2025-09-15,NEFT,CREDIT,Cust,
892,42654.44,Payment,REF892,2026-05-05,NEFT,CREDIT,Cust,
893,14498.62,Payment,REF893,2026-06-04,NEFT,CREDIT,Cust,
894,7733.25,Payment,REF894,2026-07-04,NEFT,CREDIT,Cust,
895,28877.01,Payment,REF895,2026-03-03,NEFT,CREDIT,Cust,
896,38604.53,Payment,REF896,2025-09-21,NEFT,CREDIT,Cust,
897,15269.02,Payment,REF897,2025-07-12,NEFT,CREDIT,Cust,
898,35429.55,Payment,REF898,2026-04-20,NEFT,CREDIT,Cust,
899,30821.01,Payment,REF899,2026-05-19,NEFT,CREDIT,Cust,
900,4412.83,Payment,REF900,2025-09-14,NEFT,CREDIT,Cust,
901,31052.16,Payment,REF901,2025-10-01,NEFT,CREDIT,Cust,
902,57221.67,Payment,REF902,2026-05-03,NEFT,CREDIT,Cust,
903,51975.39,Payment,REF903,2025-07-10,NEFT,CREDIT,Cust,
904,48667.75,Payment,REF904,2026-06-04,NEFT,CREDIT,Cust,
905,27152.93,Payment,REF905,2025-10-19,NEFT,CREDIT,Cust,
906,29030.06,Payment,REF906,2026-09-18,NEFT,CREDIT,Cust,
907,24930.54,Payment,REF907,2026-08-30,NEFT,CREDIT,Cust,
908,34868.6,Payment,REF908,2026-08-11,NEFT,CREDIT,Cust,
909,37214.11,Payment,REF909,2025-10-02,NEFT,CREDIT,Cust,
910,10877.66,Payment,REF910,2025-11-13,NEFT,CREDIT,Cust,
911,54510.4,Payment,REF911,2025-12-23,NEFT,CREDIT,Cust,
912,5160.49,Payment,REF912,2026-04-29,NEFT,CREDIT,Cust,
913,8824.57,Payment,REF913,2026-01-14,NEFT,CREDIT,Cust,
914,31403.17,Payment,REF914,2025-10-12,NEFT,CREDIT,Cust,
915,25452.55,Payment,REF915,2026-06-16,NEFT,CREDIT,Cust,
916,6747.98,Payment,REF916,2026-05-07,NEFT,CREDIT,Cust,
917,36724.74,Payment,REF917,2026-10-05,NEFT,CREDIT,Cust,
918,46503.26,Payment,REF918,2026-09-23,NEFT,CREDIT,Cust,
919,7974.79,Payment,REF919,2026-07-21,NEFT,CREDIT,Cust,
920,8715.61,Payment,REF920,2026-06-03,NEFT,CREDIT,Cust,
921,49027.31,Payment,REF921,2026-04-03,NEFT,CREDIT,Cust,
922,38718.58,Payment,REF922,2026-06-13,NEFT,CREDIT,Cust,
923,22595.23,Payment,REF923,2026-02-01,NEFT,CREDIT,Cust,
924,31813.99,Payment,REF924,2026-06-23,NEFT,CREDIT,Cust,
925,29056.38,Payment,REF925,2026-08-15,NEFT,CREDIT,Cust,
926,21446.94,Payment,REF926,2026-01-12,NEFT,CREDIT,Cust,
927,45212.2,Payment,REF927,2026-10-08,NEFT,CREDIT,Cust,
928,6829.99,Payment,REF928,2026-04-21,NEFT,CREDIT,Cust,
929,28768.31,Payment,REF929,2025-11-08,NEFT,CREDIT,Cust,
930,50850.46,Payment,REF930,2026-10-09,NEFT,CREDIT,Cust,
931,51874.63,Payment,REF931,2026-05-03,NEFT,CREDIT,Cust,
932,12109.2,Payment,REF932,2025-11-09,NEFT,CREDIT,Cust,
933,46824.41,Payment,REF933,2026-07-16,NEFT,CREDIT,Cust,
934,7992.85,Payment,REF934,2026-03-25,NEFT,CREDIT,Cust,
935,39025.86,Payment,REF935,2026-01-09,NEFT,CREDIT,Cust,
936,19445.43,Payment,REF936,2026-08-16,NEFT,CREDIT,Cust,
937,10129.3,Payment,REF937,2025-08-24,NEFT,CREDIT,Cust,
938,15845.04,Payment,REF938,2026-04-26,NEFT,CREDIT,Cust,
939,33829.23,Payment,REF939,2026-02-02,NEFT,CREDIT,Cust,
940,58525.81,Payment,REF940,2025-11-19,NEFT,CREDIT,Cust,
941,12957.57,Payment,REF941,2026-07-22,NEFT,CREDIT,Cust,
942,33418.27,Payment,REF942,2026-08-06,NEFT,CREDIT,Cust,
943,33506.81,Payment,REF943,2026-01-06,NEFT,CREDIT,Cust,
944,58335.54,Payment,REF944,2025-11-07,NEFT,CREDIT,Cust,
945,45943.93,Payment,REF945,2025-12-24,NEFT,CREDIT,Cust,
946,9163.12,Payment,REF946,2026-07-12,NEFT,CREDIT,Cust,
947,44418.62,Payment,REF947,2025-08-30,NEFT,CREDIT,Cust,
948,41614.19,Payment,REF948,2026-08-05,NEFT,CREDIT,Cust,
949,13579.97,Payment,REF949,2025-08-21,NEFT,CREDIT,Cust,
950,20748.47,Payment,REF950,2026-08-07,NEFT,CREDIT,Cust,
951,41483.86,Payment,REF951,2026-05-11,NEFT,CREDIT,Cust,
952,10473.87,Payment,REF952,2025-07-27,NEFT,CREDIT,Cust,
953,47688.64,Payment,REF953,2025-07-03,NEFT,CREDIT,Cust,
954,54713.33,Payment,REF954,2026-02-27,NEFT,CREDIT,Cust,
955,4885.13,Payment,REF955,2025-08-15,NEFT,CREDIT,Cust,
956,5807.9,Payment,REF956,2026-01-06,NEFT,CREDIT,Cust,
957,12000.0,Unknown,REF957,2026-09-20,NEFT,CREDIT,Cust,
958,12000.0,Unknown,REF958,2026-09-20,NEFT,CREDIT,Cust,
959,12000.0,Unknown,REF959,2026-09-20,NEFT,CREDIT,Cust,
960,12000.0,Unknown,REF960,2026-09-20,NEFT,CREDIT,Cust,
