supplier_gstin,invoice_no_raw,invoice_date,cgst,sgst,return_period,id,invoice_no_norm,taxable_value,igst,filed_on
27ZZZZZ9018Z1Z1,INV/1,2026-08-10,0.0,0.0,2026-08,1,1,98965.13,4948.41,2026-08-22
07ZZZZZ9016Z1Z1,INV/2,2025-09-26,73309.32,73309.32,2025-09,2,2,814548.03,0.0,2025-10-08
07ZZZZZ9015Z1Z1,INV/3,2026-05-24,1300.53,1300.53,2026-05,3,3,52021.0,0.0,2026-06-05
09ZZZZZ9021Z1Z1,INV/4,2026-07-19,0.0,0.0,2026-07,4,4,63822.43,11488.04,2026-07-31
09ZZZZZ9021Z1Z1,INV/5,2026-04-17,0.0,0.0,2026-04,5,5,100038.61,18006.95,2026-04-29
07ZZZZZ9010Z1Z1,INV/6,2026-10-12,2272.18,2272.18,2026-10,6,6,25246.4,0.0,2026-10-24
27ZZZZZ9028Z1Z1,INV/7,2026-09-27,0.0,0.0,2026-09,7,7,62913.07,11324.35,2026-10-09
07ZZZZZ9006Z1Z1,INV/25-26/8,2025-09-09,7791.6,7791.6,2025-09,8,8,129859.92,0.0,2025-09-21
29ZZZZZ9039Z1Z1,INV/9,2026-08-10,0.0,0.0,2026-08,9,9,60791.26,3039.56,2026-08-22
09ZZZZZ9036Z1Z1,10,2026-02-25,0.0,0.0,2026-02,10,10,103641.09,5182.05,2026-03-09
06ZZZZZ9022Z1Z1,INV/25-26/11,2026-10-05,0.0,0.0,2026-10,11,11,67557.51999999999,3377.88,2026-10-17
06ZZZZZ9017Z1Z1,INV/12,2026-07-05,0.0,0.0,2026-07,12,12,115484.52,22865.93,2026-07-17
33ZZZZZ9020Z1Z1,BILL-13,2025-08-24,0.0,0.0,2025-08,13,13,78611.12,3930.56,2025-09-05
33ZZZZZ9020Z1Z1,INV/15,2026-09-23,0.0,0.0,2026-09,15,15,13399.15,2411.85,2026-10-05
07ZZZZZ9005Z1Z1,BILL-16,2026-09-15,10444.14,10444.14,2026-09,16,16,116045.99,0.0,2026-09-27
29ZZZZZ9039Z1Z1,INV/17,2026-04-21,0.0,0.0,2026-04,17,17,144832.62,26069.87,2026-05-03
07ZZZZZ9013Z1Z1,INV/18,2026-07-22,5656.85,5656.85,2026-07,18,18,62853.88,0.0,2026-08-03
29ZZZZZ9034Z1Z1,INV/19,2025-09-18,0.0,0.0,2025-09,19,19,22545.61,2705.47,2025-09-30
07ZZZZZ9015Z1Z1,20,2026-09-23,5123.84,5123.84,2026-09,20,20,56931.52,0.0,2026-10-05
06ZZZZZ9022Z1Z1,INV/21,2026-07-19,0.0,0.0,2026-07,21,21,79552.64,3977.63,2026-07-31
06ZZZZZ9037Z1Z1,INV/22,2026-07-31,0.0,0.0,2026-07,22,22,73537.3,13236.71,2026-08-12
07ZZZZZ9007Z1Z1,INV/23,2026-08-18,2513.81,2513.81,2026-08,23,23,100552.5,0.0,2026-08-30
06ZZZZZ9022Z1Z1,BILL-25,2025-08-01,0.0,0.0,2025-08,25,25,61055.17,7326.62,2025-08-13
27ZZZZZ9018Z1Z1,INV/26,2025-09-10,0.0,0.0,2025-09,26,26,61221.93,11019.95,2025-09-22
09ZZZZZ9036Z1Z1,INV/27,2026-02-12,0.0,0.0,2026-02,27,27,12335.31,616.77,2026-02-24
07ZZZZZ9016Z1Z1,INV/28,2026-07-26,5753.955,5753.955,2026-07,28,28,63930.04,0.0,2026-08-07
33ZZZZZ9030Z1Z1,INV/30,2025-11-13,0.0,0.0,2025-11,30,30,66336.09,11940.5,2025-11-25
06ZZZZZ9032Z1Z1,INV/31,2026-08-06,0.0,0.0,2026-08,31,31,893763.64,160877.46,2026-08-18
33ZZZZZ9035Z1Z1,32,2025-07-30,0.0,0.0,2025-07,32,32,113456.46,13614.78,2025-08-11
29ZZZZZ9034Z1Z1,INV/33,2026-03-02,0.0,0.0,2026-03,33,33,13247.54,2384.56,2026-03-14
07ZZZZZ9005Z1Z1,INV/34,2026-09-29,3249.09,3249.09,2026-09,34,34,129963.78,0.0,2026-10-11
27ZZZZZ9038Z1Z1,35,2026-09-29,0.0,0.0,2026-09,35,35,10762.54,1937.26,2026-10-11
09ZZZZZ9021Z1Z1,INV/36,2026-04-25,0.0,0.0,2026-04,36,36,34617.58,6231.16,2026-05-07
33ZZZZZ9020Z1Z1,INV/37,2026-07-31,0.0,0.0,2026-07,37,37,50845.69,9152.22,2026-08-12
06ZZZZZ9037Z1Z1,INV/38,2026-10-02,0.0,0.0,2026-10,38,38,15622.8,781.14,2026-10-14
29ZZZZZ9034Z1Z1,INV/40,2026-10-06,2546.01,2546.01,2026-10,40,40,101840.16,0.0,2026-10-18
06ZZZZZ9017Z1Z1,INV/41,2026-08-01,0.0,0.0,2026-08,41,41,134008.34,6700.42,2026-08-13
07ZZZZZ9014Z1Z1,INV/42,2026-09-30,3106.95,3106.95,2026-09,42,42,34521.61,0.0,2026-10-12
06ZZZZZ9017Z1Z1,INV/43,2025-11-13,0.0,0.0,2025-11,43,43,18383.28,919.16,2025-11-25
07ZZZZZ9009Z1Z1,BILL-44,2026-08-26,3676.76,3676.76,2026-08,44,44,147070.7,0.0,2026-09-07
09ZZZZZ9036Z1Z1,INV/45,2026-04-09,0.0,0.0,2026-04,45,45,21221.71,1061.09,2026-04-21
33ZZZZZ9035Z1Z1,INV/46,2026-06-19,0.0,0.0,2026-06,46,46,126016.28,6300.81,2026-07-01
07ZZZZZ9003Z1Z1,INV/47,2025-09-14,5208.7,5208.7,2025-09,47,47,57874.47,0.0,2025-09-26
07ZZZZZ9014Z1Z1,48,2026-08-29,1529.55,1529.55,2026-08,48,48,61181.81,0.0,2026-09-10
33ZZZZZ9040Z1Z1,INV/49,2026-09-26,0.0,0.0,2026-09,49,49,139235.75,25062.44,2026-10-08
07ZZZZZ9012Z1Z1,INV/50,2025-09-22,773.46,773.46,2025-09,50,50,8594.02,0.0,2025-10-04
06ZZZZZ9027Z1Z1,INV/51,2025-12-18,0.0,0.0,2025-12,51,51,130289.28,6514.46,2025-12-30
07ZZZZZ9007Z1Z1,INV/52,2026-10-12,11831.77,11831.77,2026-10,52,52,131464.18,0.0,2026-10-24
27ZZZZZ9023Z1Z1,INV/53,2026-09-11,0.0,0.0,2026-09,53,53,123977.78,22316.0,2026-09-23
09ZZZZZ9026Z1Z1,BILL-54,2026-08-08,0.0,0.0,2026-08,54,54,65397.44,11771.54,2026-08-20
09ZZZZZ9026Z1Z1,INV/55,2025-12-27,0.0,0.0,2025-12,55,55,147266.7,7363.34,2026-01-08
07ZZZZZ9012Z1Z1,INV/56,2026-08-17,13011.08,13011.08,2026-08,56,56,144567.48,0.0,2026-08-29
27ZZZZZ9023Z1Z1,INV/57,2025-08-25,0.0,0.0,2025-08,57,57,68277.11,12289.88,2025-09-06
07ZZZZZ9013Z1Z1,INV/58,2026-09-26,1029.24,1029.24,2026-09,58,58,11436.05,0.0,2026-10-08
33ZZZZZ9035Z1Z1,INV/59,2026-03-24,0.0,0.0,2026-03,59,59,109317.35,5465.87,2026-04-05
07ZZZZZ9005Z1Z1,INV/60,2026-09-08,3462.8,3462.8,2026-09,60,60,138511.77,0.0,2026-09-20
33ZZZZZ9020Z1Z1,INV/61,2026-06-05,0.0,0.0,2026-06,61,61,69846.28,13829.56,2026-06-17
09ZZZZZ9036Z1Z1,INV/62,2026-01-23,0.0,0.0,2026-01,62,62,32816.81,5907.03,2026-02-04
07ZZZZZ9012Z1Z1,INV/63,2026-01-11,7877.1449999999995,7877.1449999999995,2026-01,63,63,87520.26,0.0,2026-01-23
07ZZZZZ9014Z1Z1,INV/64,2026-08-20,10704.16,10704.16,2026-08,64,64,118935.03,0.0,2026-09-01
29ZZZZZ9029Z1Z1,INV/65,2025-12-12,0.0,0.0,2025-12,65,65,55986.7,2799.34,2025-12-24
07ZZZZZ9011Z1Z1,INV/66,2026-10-05,432.38,432.38,2026-10,66,66,17295.35,0.0,2026-10-17
07ZZZZZ9006Z1Z1,INV/67,2026-05-21,9229.99,9229.99,2026-05,67,67,102555.37,0.0,2026-06-02
07ZZZZZ9016Z1Z1,INV/68,2026-07-20,8427.12,8427.12,2026-07,68,68,93634.73,0.0,2026-08-01
06ZZZZZ9037Z1Z1,INV/69,2026-02-19,0.0,0.0,2026-02,69,69,109160.16,19648.83,2026-03-03
07ZZZZZ9001Z1Z1,INV/70,2025-07-28,5105.88,5105.88,2025-07,70,70,56731.96,0.0,2025-08-09
07ZZZZZ9004Z1Z1,INV/71,2026-08-30,5502.04,5502.04,2026-08,71,71,61133.75,0.0,2026-09-11
29ZZZZZ9034Z1Z1,INV/72,2026-09-12,0.0,0.0,2026-09,72,72,91340.59,16441.31,2026-09-24
27ZZZZZ9033Z1Z1,INV/73,2026-09-30,0.0,0.0,2026-09,73,73,125432.53,22577.86,2026-10-12
29ZZZZZ9029Z1Z1,INV/74,2026-09-13,0.0,0.0,2026-09,74,74,114007.63,20521.37,2026-09-25
29ZZZZZ9034Z1Z1,INV/75,2025-11-19,0.0,0.0,2025-11,75,75,95878.52,17258.13,2025-12-01
07ZZZZZ9016Z1Z1,INV/76,2025-08-09,4832.81,4832.81,2025-08,76,76,53697.89,0.0,2025-08-21
33ZZZZZ9025Z1Z1,BILL-77,2026-08-13,0.0,0.0,2026-08,77,77,107430.78,21271.29,2026-08-25
06ZZZZZ9027Z1Z1,INV/78,2025-12-17,0.0,0.0,2025-12,78,78,34990.99,1749.55,2025-12-29
07ZZZZZ9002Z1Z1,BILL-79,2026-01-12,5413.97,5413.97,2026-01,79,79,60155.25,0.0,2026-01-24
06ZZZZZ9027Z1Z1,INV/80,2025-11-30,0.0,0.0,2025-11,80,80,113389.77,18369.14,2025-12-12
06ZZZZZ9032Z1Z1,INV/81,2026-05-05,0.0,0.0,2026-05,81,81,64575.62,11623.61,2026-05-17
09ZZZZZ9026Z1Z1,INV/82,2026-10-09,0.0,0.0,2026-10,82,82,126873.32,22837.2,2026-10-21
09ZZZZZ9026Z1Z1,83,2026-05-15,0.0,0.0,2026-05,83,83,923584.6,166245.23,2026-05-27
07ZZZZZ9012Z1Z1,INV/84,2026-09-12,1568.07,1568.07,2026-09,84,84,62722.67,0.0,2026-09-24
27ZZZZZ9018Z1Z1,INV/25-26/85,2026-09-01,0.0,0.0,2026-09,85,85,61579.37,11084.29,2026-09-13
27ZZZZZ9023Z1Z1,INV/86,2026-07-19,0.0,0.0,2026-07,86,86,99270.89,17868.76,2026-07-31
07ZZZZZ9016Z1Z1,INV/87,2026-07-18,11401.93,11401.93,2026-07,87,87,126688.18,0.0,2026-07-30
07ZZZZZ9008Z1Z1,INV/88,2026-08-30,12818.23,12818.23,2026-08,88,88,142424.77,0.0,2026-09-11
07ZZZZZ9011Z1Z1,INV/89,2025-11-09,8374.58,8374.58,2025-11,89,89,93050.89,0.0,2025-11-21
07ZZZZZ9011Z1Z1,BILL-90,2025-08-28,1860.69,1860.69,2025-08,90,90,20674.32,0.0,2025-09-09
33ZZZZZ9025Z1Z1,91,2026-04-21,0.0,0.0,2026-04,91,91,141513.24,25472.38,2026-05-03
07ZZZZZ9016Z1Z1,INV/92,2026-06-19,2652.32,2652.32,2026-06,92,92,106092.99,0.0,2026-07-01
07ZZZZZ9008Z1Z1,INV/93,2026-06-16,10663.39,10663.39,2026-06,93,93,118482.13,0.0,2026-06-28
07ZZZZZ9005Z1Z1,BILL-94,2026-02-05,8900.44,8900.44,2026-02,94,94,98893.77,0.0,2026-02-17
27ZZZZZ9028Z1Z1,INV/95,2026-08-26,0.0,0.0,2026-08,95,95,97159.84,17487.82,2026-09-07
29ZZZZZ9034Z1Z1,INV/96,2026-08-06,0.0,0.0,2026-08,96,96,64161.95,3208.1,2026-08-18
33ZZZZZ9030Z1Z1,INV/97,2026-04-02,0.0,0.0,2026-04,97,97,124731.52,22451.67,2026-04-14
33ZZZZZ9025Z1Z1,INV/99,2026-02-23,0.0,0.0,2026-02,99,99,9161.5,1649.07,2026-03-07
27ZZZZZ9023Z1Z1,INV/100,2025-10-02,0.0,0.0,2025-10,100,100,54349.13,9782.84,2025-10-14
09ZZZZZ9036Z1Z1,INV/25-26/101,2026-06-25,0.0,0.0,2026-06,101,101,79910.95,3995.55,2026-07-07
09ZZZZZ9036Z1Z1,INV/102,2026-07-04,0.0,0.0,2026-07,102,102,105138.35,18924.9,2026-07-16
07ZZZZZ9002Z1Z1,INV/103,2025-09-17,3427.89,3427.89,2025-09,103,103,57131.48,0.0,2025-09-29
29ZZZZZ9024Z1Z1,INV/104,2025-12-04,0.0,0.0,2025-12,104,104,85253.58,15345.64,2025-12-16
27ZZZZZ9023Z1Z1,INV/105,2026-07-17,0.0,0.0,2026-07,105,105,64282.88,11570.92,2026-07-29
09ZZZZZ9021Z1Z1,INV/106,2025-08-31,0.0,0.0,2025-08,106,106,112717.75,13526.13,2025-09-12
09ZZZZZ9031Z1Z1,INV/107,2026-08-11,0.0,0.0,2026-08,107,107,110064.83,19811.67,2026-08-23
07ZZZZZ9007Z1Z1,INV/108,2026-03-26,6116.02,6116.02,2026-03,108,108,67955.73999999999,0.0,2026-04-07
07ZZZZZ9009Z1Z1,BILL-109,2026-09-21,1043.98,1043.98,2026-09,109,109,11599.78,0.0,2026-10-03
06ZZZZZ9032Z1Z1,INV/110,2026-06-23,0.0,0.0,2026-06,110,110,131544.36,6577.22,2026-07-05
06ZZZZZ9022Z1Z1,INV/111,2026-02-26,0.0,0.0,2026-02,111,111,144997.16,26099.49,2026-03-10
06ZZZZZ9037Z1Z1,INV/113,2026-08-03,0.0,0.0,2026-08,113,113,17351.23,3123.22,2026-08-15
29ZZZZZ9039Z1Z1,INV/114,2026-04-12,0.0,0.0,2026-04,114,114,119657.42,21538.34,2026-04-24
33ZZZZZ9020Z1Z1,INV/115,2026-09-09,0.0,0.0,2026-09,115,115,148554.53,26739.82,2026-09-21
07ZZZZZ9014Z1Z1,INV/116,2026-07-27,1389.96,1389.96,2026-07,116,116,55598.65,0.0,2026-08-08
07ZZZZZ9005Z1Z1,INV/117,2026-09-23,484.92,484.92,2026-09,117,117,5387.98,0.0,2026-10-05
07ZZZZZ9015Z1Z1,INV/119,2026-09-14,0.0,0.0,2026-09,119,119,119235.06,21462.31,2026-09-26
07ZZZZZ9013Z1Z1,INV/120,2026-06-04,1947.83,1947.83,2026-06,120,120,21642.56,0.0,2026-06-16
07ZZZZZ9010Z1Z1,INV/121,2025-09-15,818.85,818.85,2025-09,121,121,13647.52,0.0,2025-09-27
06ZZZZZ9037Z1Z1,INV/122,2026-05-01,0.0,0.0,2026-05,122,122,68677.25,12361.91,2026-05-13
27ZZZZZ9018Z1Z1,INV/123,2025-12-03,0.0,0.0,2025-12,123,123,83297.33,14993.52,2025-12-15
09ZZZZZ9021Z1Z1,124,2026-09-08,0.0,0.0,2026-09,124,124,61303.35,11034.6,2026-09-20
27ZZZZZ9038Z1Z1,INV/125,2025-09-17,0.0,0.0,2025-09,125,125,149938.0,17992.56,2025-09-29
07ZZZZZ9012Z1Z1,INV/126,2025-11-15,7222.48,7222.48,2025-11,126,126,80249.76,0.0,2025-11-27
27ZZZZZ9028Z1Z1,INV/127,2026-09-27,0.0,0.0,2026-09,127,127,123065.52,6153.28,2026-10-09
09ZZZZZ9021Z1Z1,BILL-128,2026-08-26,0.0,0.0,2026-08,128,128,20166.98,1008.35,2026-09-07
09ZZZZZ9026Z1Z1,BILL-129,2026-06-21,0.0,0.0,2026-06,129,129,10321.08,1857.79,2026-07-03
27ZZZZZ9033Z1Z1,INV/130,2026-09-04,0.0,0.0,2026-09,130,130,100360.76,5018.04,2026-09-16
29ZZZZZ9024Z1Z1,INV/131,2026-09-19,0.0,0.0,2026-09,131,131,114684.26,20643.17,2026-10-01
09ZZZZZ9036Z1Z1,INV/132,2026-08-18,0.0,0.0,2026-08,132,132,139512.55,25112.26,2026-08-30
07ZZZZZ9002Z1Z1,INV/133,2025-12-09,10881.05,10881.05,2025-12,133,133,120900.49,0.0,2025-12-21
09ZZZZZ9036Z1Z1,INV/134,2025-12-07,0.0,0.0,2025-12,134,134,18515.33,3332.76,2025-12-19
07ZZZZZ9010Z1Z1,INV/135,2026-07-30,12621.12,12621.12,2026-07,135,135,140234.69,0.0,2026-08-11
09ZZZZZ9031Z1Z1,INV/25-26/136,2026-09-14,0.0,0.0,2026-09,136,136,71234.04,12822.13,2026-09-26
07ZZZZZ9009Z1Z1,INV/137,2026-10-15,1626.39,1626.39,2026-10,137,137,65055.87,0.0,2026-10-27
27ZZZZZ9018Z1Z1,INV/138,2026-09-17,0.0,0.0,2026-09,138,138,66011.65,3300.58,2026-09-29
06ZZZZZ9032Z1Z1,INV/139,2026-04-27,0.0,0.0,2026-04,139,139,69749.37,12554.89,2026-05-09
33ZZZZZ9035Z1Z1,INV/140,2025-12-18,6392.24,6392.24,2025-12,140,140,71024.97,0.0,2025-12-30
07ZZZZZ9016Z1Z1,INV/141,2025-10-05,5447.77,5447.77,2025-10,141,141,60530.77,0.0,2025-10-17
33ZZZZZ9025Z1Z1,INV/142,2026-09-13,0.0,0.0,2026-09,142,142,148320.03,26697.61,2026-09-25
06ZZZZZ9032Z1Z1,INV/143,2026-05-30,0.0,0.0,2026-05,143,143,23305.71,1165.29,2026-06-11
29ZZZZZ9029Z1Z1,INV/144,2025-12-17,0.0,0.0,2025-12,144,144,81262.91,4063.15,2025-12-29
07ZZZZZ9010Z1Z1,INV/145,2026-10-06,1826.9,1826.9,2026-10,145,145,73076.14,0.0,2026-10-18
09ZZZZZ9026Z1Z1,INV/146,2025-12-21,0.0,0.0,2025-12,146,146,16645.72,832.29,2026-01-02
33ZZZZZ9025Z1Z1,INV/147,2026-08-30,0.0,0.0,2026-08,147,147,95885.88,17259.17,2026-09-11
07ZZZZZ9003Z1Z1,INV/148,2026-03-07,1342.89,1342.89,2026-03,148,148,14921.01,0.0,2026-03-19
07ZZZZZ9006Z1Z1,INV/149,2026-08-13,13217.31,13217.31,2026-08,149,149,146858.97,0.0,2026-08-25
29ZZZZZ9029Z1Z1,INV/150,2026-06-26,0.0,0.0,2026-06,150,150,105630.17,19013.43,2026-07-08
29ZZZZZ9019Z1Z1,151,2026-07-22,0.0,0.0,2026-07,151,151,59351.96,10683.35,2026-08-03
07ZZZZZ9012Z1Z1,INV/152,2026-01-27,2734.66,2734.66,2026-01,152,152,30385.06,0.0,2026-02-08
07ZZZZZ9016Z1Z1,BILL-153,2026-01-12,12362.42,12362.42,2026-01,153,153,137360.21,0.0,2026-01-24
33ZZZZZ9020Z1Z1,INV/155,2025-12-24,0.0,0.0,2025-12,155,155,144494.22,7224.71,2026-01-05
07ZZZZZ9013Z1Z1,BILL-156,2026-02-19,11586.03,11586.03,2026-02,156,156,128733.64,0.0,2026-03-03
29ZZZZZ9019Z1Z1,INV/157,2026-08-21,0.0,0.0,2026-08,157,157,146801.95,7340.1,2026-09-02
07ZZZZZ9004Z1Z1,INV/158,2026-10-10,10174.5,10174.5,2026-10,158,158,113049.96,0.0,2026-10-22
29ZZZZZ9039Z1Z1,BILL-159,2026-08-13,0.0,0.0,2026-08,159,159,56755.66,10216.02,2026-08-25
07ZZZZZ9009Z1Z1,INV/160,2026-06-13,477.22,477.22,2026-06,160,160,19088.77,0.0,2026-06-25
07ZZZZZ9003Z1Z1,BILL-161,2026-09-09,5211.44,5211.44,2026-09,161,161,57904.88,0.0,2026-09-21
07ZZZZZ9012Z1Z1,INV/162,2025-12-15,2174.68,2174.68,2025-12,162,162,24163.17,0.0,2025-12-27
27ZZZZZ9018Z1Z1,INV/163,2026-01-04,0.0,0.0,2026-01,163,163,62260.66,11206.92,2026-01-16
29ZZZZZ9019Z1Z1,INV/164,2026-03-04,0.0,0.0,2026-03,164,164,121613.72,21890.47,2026-03-16
09ZZZZZ9026Z1Z1,INV/165,2026-08-12,0.0,0.0,2026-08,165,165,58037.38,10446.73,2026-08-24
33ZZZZZ9030Z1Z1,INV/166,2026-07-30,0.0,0.0,2026-07,166,166,102560.12,18460.82,2026-08-11
29ZZZZZ9024Z1Z1,INV/167,2026-10-04,0.0,0.0,2026-10,167,167,102851.3,5142.56,2026-10-16
09ZZZZZ9036Z1Z1,INV/168,2026-05-14,0.0,0.0,2026-05,168,168,137712.11,24788.18,2026-05-26
33ZZZZZ9030Z1Z1,INV/25-26/169,2025-08-02,0.0,0.0,2025-08,169,169,99139.72,17845.15,2025-08-14
07ZZZZZ9008Z1Z1,INV/170,2026-09-16,1476.15,1476.15,2026-09,170,170,59046.0,0.0,2026-09-28
33ZZZZZ9035Z1Z1,INV/171,2026-01-15,0.0,0.0,2026-01,171,171,90164.35,16229.58,2026-01-27
07ZZZZZ9007Z1Z1,INV/172,2026-09-27,8484.26,8484.26,2026-09,172,172,94269.57,0.0,2026-10-09
07ZZZZZ9014Z1Z1,INV/173,2026-08-31,6253.28,6253.28,2026-08,173,173,69480.9,0.0,2026-09-12
29ZZZZZ9024Z1Z1,INV/174,2026-10-10,0.0,0.0,2026-10,174,174,135745.95,24434.27,2026-10-22
07ZZZZZ9008Z1Z1,INV/175,2026-08-08,1646.34,1646.34,2026-08,175,175,18292.65,0.0,2026-08-20
07ZZZZZ9002Z1Z1,176,2025-09-17,8444.45,8444.45,2025-09,176,176,60317.49,0.0,2025-09-29
07ZZZZZ9014Z1Z1,INV/177,2026-09-23,5068.16,5068.16,2026-09,177,177,56312.95,0.0,2026-10-05
29ZZZZZ9039Z1Z1,INV/178,2025-12-16,0.0,0.0,2025-12,178,178,65204.85,3260.24,2025-12-28
07ZZZZZ9012Z1Z1,INV/25-26/179,2025-09-05,6051.2,6051.2,2025-09,179,179,100853.36,0.0,2025-09-17
07ZZZZZ9016Z1Z1,INV/25-26/180,2025-12-31,4675.22,4675.22,2025-12,180,180,51946.86,0.0,2026-01-12
29ZZZZZ9034Z1Z1,INV/181,2025-09-03,0.0,0.0,2025-09,181,181,113121.46,13574.58,2025-09-15
07ZZZZZ9007Z1Z1,INV/182,2026-09-28,7025.1,7025.1,2026-09,182,182,78056.61,0.0,2026-10-10
29ZZZZZ9034Z1Z1,INV/183,2025-07-23,0.0,0.0,2025-07,183,183,71416.17,12854.91,2025-08-04
09ZZZZZ9026Z1Z1,INV/184,2025-08-01,0.0,0.0,2025-08,184,184,104484.14,18807.15,2025-08-13
09ZZZZZ9036Z1Z1,INV/186,2026-05-16,0.0,0.0,2026-05,186,186,60231.14,10841.61,2026-05-28
29ZZZZZ9039Z1Z1,INV/187,2025-11-28,0.0,0.0,2025-11,187,187,19380.88,3488.56,2025-12-10
09ZZZZZ9036Z1Z1,INV/188,2026-09-10,0.0,0.0,2026-09,188,188,67360.14,12124.83,2026-09-22
09ZZZZZ9026Z1Z1,INV/189,2026-09-11,0.0,0.0,2026-09,189,189,110793.81,19942.89,2026-09-23
29ZZZZZ9024Z1Z1,INV/190,2025-12-08,0.0,0.0,2025-12,190,190,104589.05,18826.03,2025-12-20
07ZZZZZ9006Z1Z1,INV/191,2025-08-16,1710.16,1710.16,2025-08,191,191,19001.84,0.0,2025-08-28
27ZZZZZ9038Z1Z1,INV/192,2026-07-22,0.0,0.0,2026-07,192,192,86444.09,15559.94,2026-08-03
27ZZZZZ9028Z1Z1,INV/193,2026-10-08,0.0,0.0,2026-10,193,193,145417.8,7270.89,2026-10-20
07ZZZZZ9014Z1Z1,INV/194,2026-09-17,78484.43,78484.43,2026-09,194,194,872049.26,0.0,2026-09-29
29ZZZZZ9024Z1Z1,INV/195,2026-09-24,0.0,0.0,2026-09,195,195,115577.82,5778.89,2026-10-06
09ZZZZZ9036Z1Z1,INV/196,2026-07-10,0.0,0.0,2026-07,196,196,93968.13,16914.26,2026-07-22
27ZZZZZ9018Z1Z1,INV/197,2025-07-14,0.0,0.0,2025-07,197,197,31160.33,3739.24,2025-07-26
27ZZZZZ9023Z1Z1,198,2025-12-06,0.0,0.0,2025-12,198,198,31303.81,1565.95,2025-12-18
09ZZZZZ9021Z1Z1,INV/200,2026-08-23,0.0,0.0,2026-08,200,200,91452.45,16461.44,2026-09-04
07ZZZZZ9004Z1Z1,INV/201,2026-10-02,420.74,420.74,2026-10,201,201,16829.32,0.0,2026-10-14
29ZZZZZ9029Z1Z1,INV/202,2026-02-03,0.0,0.0,2026-02,202,202,64609.19,11629.65,2026-02-15
29ZZZZZ9019Z1Z1,INV/203,2026-07-29,0.0,0.0,2026-07,203,203,103380.51,5169.03,2026-08-10
09ZZZZZ9026Z1Z1,INV/204,2026-08-12,0.0,0.0,2026-08,204,204,12943.38,2329.81,2026-08-24
06ZZZZZ9017Z1Z1,205,2025-10-17,0.0,0.0,2025-10,205,205,52577.74,9463.99,2025-10-29
33ZZZZZ9035Z1Z1,INV/206,2026-09-01,0.0,0.0,2026-09,206,206,77538.04,13956.85,2026-09-13
07ZZZZZ9003Z1Z1,INV/207,2026-09-03,694.58,694.58,2026-09,207,207,7717.52,0.0,2026-09-15
06ZZZZZ9037Z1Z1,INV/208,2026-09-07,0.0,0.0,2026-09,208,208,107877.35,19417.92,2026-09-19
09ZZZZZ9021Z1Z1,INV/209,2025-08-28,0.0,0.0,2025-08,209,209,121191.71,33933.68,2025-09-09
29ZZZZZ9024Z1Z1,BILL-210,2026-08-30,0.0,0.0,2026-08,210,210,68323.21,3416.16,2026-09-11
07ZZZZZ9006Z1Z1,INV/211,2026-04-28,11810.34,11810.34,2026-04,211,211,131226.04,0.0,2026-05-10
07ZZZZZ9005Z1Z1,INV/212,2026-08-05,8713.58,8713.58,2026-08,212,212,96817.58,0.0,2026-08-17
27ZZZZZ9023Z1Z1,INV/213,2025-10-08,0.0,0.0,2025-10,213,213,110469.97,19884.59,2025-10-20
07ZZZZZ9010Z1Z1,INV/214,2026-07-28,3024.39,3024.39,2026-07,214,214,33604.41,0.0,2026-08-09
07ZZZZZ9005Z1Z1,INV/215,2026-07-25,12864.36,12864.36,2026-07,215,215,142937.36,0.0,2026-08-06
27ZZZZZ9038Z1Z1,INV/216,2026-02-23,0.0,0.0,2026-02,216,216,103764.35,18677.58,2026-03-07
33ZZZZZ9040Z1Z1,INV/217,2026-05-26,0.0,0.0,2026-05,217,217,130315.8,23456.3,2026-06-07
09ZZZZZ9031Z1Z1,INV/218,2025-09-16,0.0,0.0,2025-09,218,218,96550.84,17379.15,2025-09-28
07ZZZZZ9005Z1Z1,BILL-219,2026-09-17,6475.74,6475.74,2026-09,219,219,71952.66,0.0,2026-09-29
07ZZZZZ9006Z1Z1,INV/220,2026-10-05,8202.74,8202.74,2026-10,220,220,91141.57,0.0,2026-10-17
07ZZZZZ9003Z1Z1,INV/221,2026-04-24,12313.1,12313.1,2026-04,221,221,136812.24,0.0,2026-05-06
27ZZZZZ9033Z1Z1,INV/222,2026-09-13,0.0,0.0,2026-09,222,222,143869.74,25896.55,2026-09-25
06ZZZZZ9022Z1Z1,INV/25-26/223,2026-08-20,0.0,0.0,2026-08,223,223,78159.61,3907.98,2026-09-01
29ZZZZZ9029Z1Z1,BILL-224,2026-06-28,0.0,0.0,2026-06,224,224,80798.47,14543.72,2026-07-10
06ZZZZZ9022Z1Z1,INV/225,2026-09-05,0.0,0.0,2026-09,225,225,91693.45,4584.67,2026-09-17
07ZZZZZ9007Z1Z1,INV/226,2026-08-26,9302.85,9302.85,2026-08,226,226,103365.01,0.0,2026-09-07
29ZZZZZ9039Z1Z1,INV/227,2026-07-06,0.0,0.0,2026-07,227,227,53337.5,9600.75,2026-07-18
33ZZZZZ9020Z1Z1,INV/228,2025-09-11,0.0,0.0,2025-09,228,228,106279.59,5313.98,2025-09-23
07ZZZZZ9006Z1Z1,INV/229,2026-05-01,74793.87,74793.87,2026-05,229,229,831042.95,0.0,2026-05-13
29ZZZZZ9034Z1Z1,INV/230,2025-12-16,0.0,0.0,2025-12,230,230,98673.6,4933.68,2025-12-28
07ZZZZZ9012Z1Z1,INV/231,2026-08-23,4909.21,4909.21,2026-08,231,231,54551.19,0.0,2026-09-04
07ZZZZZ9010Z1Z1,INV/232,2026-08-01,1697.24,1697.24,2026-08,232,232,67889.85,0.0,2026-08-13
29ZZZZZ9034Z1Z1,INV/233,2026-03-17,0.0,0.0,2026-03,233,233,100979.74,5048.99,2026-03-29
07ZZZZZ9010Z1Z1,INV/234,2026-09-01,2809.58,2809.58,2026-09,234,234,31222.67,0.0,2026-09-13
07ZZZZZ9011Z1Z1,INV/235,2026-05-16,1020.18,1020.18,2026-05,235,235,11335.4,0.0,2026-05-28
33ZZZZZ9040Z1Z1,INV/236,2026-04-23,0.0,0.0,2026-04,236,236,114096.72,20537.41,2026-05-05
33ZZZZZ9020Z1Z1,237,2025-10-28,0.0,0.0,2025-10,237,237,136076.28,24493.73,2025-11-09
33ZZZZZ9030Z1Z1,INV/238,2026-04-19,0.0,0.0,2026-04,238,238,117827.99,21209.04,2026-05-01
07ZZZZZ9013Z1Z1,INV/239,2026-01-31,2256.1,2256.1,2026-01,239,239,25067.79,0.0,2026-02-12
29ZZZZZ9024Z1Z1,INV/240,2026-05-25,0.0,0.0,2026-05,240,240,140472.57,25285.06,2026-06-06
29ZZZZZ9019Z1Z1,INV/241,2026-03-22,0.0,0.0,2026-03,241,241,115651.94,5782.6,2026-04-03
27ZZZZZ9028Z1Z1,INV/242,2026-10-07,0.0,0.0,2026-10,242,242,142229.92,7111.5,2026-10-19
07ZZZZZ9002Z1Z1,INV/243,2025-10-15,1562.14,1562.14,2025-10,243,243,62485.82,0.0,2025-10-27
29ZZZZZ9024Z1Z1,INV/244,2026-01-14,0.0,0.0,2026-01,244,244,9087.19,1635.5900000000001,2026-01-26
06ZZZZZ9022Z1Z1,INV/245,2026-09-03,0.0,0.0,2026-09,245,245,24951.94,4491.35,2026-09-15
07ZZZZZ9009Z1Z1,INV/25-26/246,2026-08-29,6304.25,6304.25,2026-08,246,246,70047.21,0.0,2026-09-10
09ZZZZZ9036Z1Z1,BILL-247,2026-08-03,0.0,0.0,2026-08,247,247,81526.87,14674.84,2026-08-15
07ZZZZZ9016Z1Z1,INV/248,2026-07-21,8788.32,8788.32,2026-07,248,248,97648.0,0.0,2026-08-02
29ZZZZZ9039Z1Z1,INV/249,2026-09-16,0.0,0.0,2026-09,249,249,7383.13,1328.96,2026-09-28
29ZZZZZ9019Z1Z1,INV/250,2025-11-01,0.0,0.0,2025-11,250,250,5226.83,940.83,2025-11-13
07ZZZZZ9006Z1Z1,251,2026-04-19,13169.24,13169.24,2026-04,251,251,146324.9,0.0,2026-05-01
27ZZZZZ9033Z1Z1,INV/252,2026-04-05,0.0,0.0,2026-04,252,252,7948.47,1430.72,2026-04-17
29ZZZZZ9024Z1Z1,INV/253,2025-07-23,0.0,0.0,2025-07,253,253,113360.91,20404.96,2025-08-04
07ZZZZZ9007Z1Z1,INV/254,2026-10-07,10044.19,10044.19,2026-10,254,254,111602.11,0.0,2026-10-19
07ZZZZZ9012Z1Z1,INV/255,2026-08-27,1809.26,1809.26,2026-08,255,255,72370.32,0.0,2026-09-08
09ZZZZZ9021Z1Z1,INV/257,2026-07-20,0.0,0.0,2026-07,257,257,79730.62,14351.51,2026-08-01
07ZZZZZ9003Z1Z1,INV/258,2026-04-05,817.75,817.75,2026-04,258,258,32710.0,0.0,2026-04-17
06ZZZZZ9022Z1Z1,INV/259,2026-10-06,0.0,0.0,2026-10,259,259,23048.88,4148.8,2026-10-18
29ZZZZZ9029Z1Z1,260,2026-09-29,0.0,0.0,2026-09,260,260,54160.31,9748.86,2026-10-11
27ZZZZZ9018Z1Z1,261,2026-09-19,0.0,0.0,2026-09,261,261,110426.79,5521.34,2026-10-01
09ZZZZZ9021Z1Z1,INV/262,2026-08-21,0.0,0.0,2026-08,262,262,16609.99,830.5,2026-09-02
27ZZZZZ9028Z1Z1,INV/263,2025-12-04,0.0,0.0,2025-12,263,263,813144.25,146365.96,2025-12-16
27ZZZZZ9023Z1Z1,INV/264,2025-07-22,0.0,0.0,2025-07,264,264,149731.84,26951.73,2025-08-03
07ZZZZZ9005Z1Z1,INV/265,2026-05-03,2435.99,2435.99,2026-05,265,265,97439.32,0.0,2026-05-15
07ZZZZZ9011Z1Z1,INV/266,2026-08-15,642.58,642.58,2026-08,266,266,25703.02,0.0,2026-08-27
07ZZZZZ9009Z1Z1,INV/267,2026-08-05,1480.48,1480.48,2026-08,267,267,59219.33,0.0,2026-08-17
06ZZZZZ9037Z1Z1,INV/269,2026-07-24,0.0,0.0,2026-07,269,269,81771.68,14718.9,2026-08-05
07ZZZZZ9002Z1Z1,INV/270,2026-01-05,6962.52,6962.52,2026-01,270,270,77361.37,0.0,2026-01-17
29ZZZZZ9029Z1Z1,INV/271,2026-08-17,0.0,0.0,2026-08,271,271,149472.94,26905.13,2026-08-29
07ZZZZZ9013Z1Z1,INV/25-26/272,2026-10-13,617.01,617.01,2026-10,272,272,24680.62,0.0,2026-10-25
07ZZZZZ9006Z1Z1,INV/273,2026-10-04,3632.41,3632.41,2026-10,273,273,145296.38,0.0,2026-10-16
09ZZZZZ9036Z1Z1,INV/274,2026-07-23,0.0,0.0,2026-07,274,274,67102.53,12078.15,2026-08-04
07ZZZZZ9012Z1Z1,INV/25-26/275,2025-09-19,7089.26,7089.26,2025-09,275,275,78769.58,0.0,2025-10-01
07ZZZZZ9002Z1Z1,INV/276,2025-10-01,7918.22,7918.22,2025-10,276,276,87980.22,0.0,2025-10-13
07ZZZZZ9005Z1Z1,INV/277,2026-07-26,5645.99,5645.99,2026-07,277,277,62733.2,0.0,2026-08-07
06ZZZZZ9027Z1Z1,INV/278,2026-03-03,0.0,0.0,2026-03,278,278,15693.85,2824.89,2026-03-15
29ZZZZZ9034Z1Z1,INV/279,2026-09-12,0.0,0.0,2026-09,279,279,23608.52,4249.53,2026-09-24
07ZZZZZ9012Z1Z1,INV/280,2026-04-09,6095.67,6095.67,2026-04,280,280,67729.65,0.0,2026-04-21
29ZZZZZ9034Z1Z1,281,2025-07-29,0.0,0.0,2025-07,281,281,69098.06,19347.46,2025-08-10
29ZZZZZ9019Z1Z1,INV/282,2026-09-19,0.0,0.0,2026-09,282,282,61337.77,2760.2,2026-10-01
33ZZZZZ9020Z1Z1,INV/283,2026-10-03,0.0,0.0,2026-10,283,283,82354.31,14823.78,2026-10-15
27ZZZZZ9038Z1Z1,INV/284,2025-09-25,0.0,0.0,2025-09,284,284,29824.09,5368.34,2025-10-07
06ZZZZZ9037Z1Z1,INV/25-26/285,2026-10-05,0.0,0.0,2026-10,285,285,124659.26,6232.96,2026-10-17
06ZZZZZ9017Z1Z1,INV/286,2026-05-25,0.0,0.0,2026-05,286,286,55567.22,2778.36,2026-06-06
06ZZZZZ9032Z1Z1,INV/287,2026-05-13,0.0,0.0,2026-05,287,287,84108.74,4205.44,2026-05-25
09ZZZZZ9026Z1Z1,INV/288,2025-12-02,0.0,0.0,2025-12,288,288,70763.9,12737.5,2025-12-14
09ZZZZZ9031Z1Z1,INV/289,2025-09-19,0.0,0.0,2025-09,289,289,34583.34,6225.0,2025-10-01
09ZZZZZ9021Z1Z1,BILL-290,2025-12-08,0.0,0.0,2025-12,290,290,146429.25,26357.26,2025-12-20
09ZZZZZ9021Z1Z1,INV/291,2026-03-21,0.0,0.0,2026-03,291,291,72638.52,13074.93,2026-04-02
29ZZZZZ9019Z1Z1,INV/292,2026-07-21,0.0,0.0,2026-07,292,292,130303.76,23454.68,2026-08-02
09ZZZZZ9021Z1Z1,INV/25-26/293,2026-09-17,0.0,0.0,2026-09,293,293,109563.62,19721.45,2026-09-29
33ZZZZZ9030Z1Z1,INV/294,2026-08-30,0.0,0.0,2026-08,294,294,132465.97,23843.87,2026-09-11
27ZZZZZ9033Z1Z1,INV/295,2025-08-16,0.0,0.0,2025-08,295,295,145169.56,26130.52,2025-08-28
06ZZZZZ9032Z1Z1,INV/296,2026-08-20,0.0,0.0,2026-08,296,296,132939.22,23929.06,2026-09-01
07ZZZZZ9007Z1Z1,INV/297,2026-07-16,2197.85,2197.85,2026-07,297,297,24420.57,0.0,2026-07-28
29ZZZZZ9024Z1Z1,INV/298,2026-01-04,0.0,0.0,2026-01,298,298,63084.34,3154.22,2026-01-16
07ZZZZZ9005Z1Z1,INV/299,2026-08-20,7030.53,7030.53,2026-08,299,299,78117.05,0.0,2026-09-01
33ZZZZZ9040Z1Z1,INV/25-26/300,2025-11-21,0.0,0.0,2025-11,300,300,93601.26,4680.06,2025-12-03
09ZZZZZ9036Z1Z1,301,2026-08-27,0.0,0.0,2026-08,301,301,114469.95,20604.59,2026-09-08
07ZZZZZ9010Z1Z1,303,2026-02-28,12105.37,12105.37,2026-02,303,303,134504.1,0.0,2026-03-12
33ZZZZZ9020Z1Z1,INV/304,2026-10-01,0.0,0.0,2026-10,304,304,53774.15,9679.35,2026-10-13
06ZZZZZ9037Z1Z1,BILL-305,2026-03-30,0.0,0.0,2026-03,305,305,73859.43,13294.7,2026-04-11
27ZZZZZ9038Z1Z1,INV/306,2026-09-06,0.0,0.0,2026-09,306,306,120529.45,21695.3,2026-09-18
29ZZZZZ9039Z1Z1,INV/307,2026-06-18,0.0,0.0,2026-06,307,307,63501.91,11430.34,2026-06-30
07ZZZZZ9015Z1Z1,308,2026-08-02,2240.27,2240.27,2026-08,308,308,89610.88,0.0,2026-08-14
33ZZZZZ9025Z1Z1,INV/309,2026-07-05,0.0,0.0,2026-07,309,309,124140.89,22345.36,2026-07-17
07ZZZZZ9008Z1Z1,INV/310,2026-04-20,697.13,697.13,2026-04,310,310,7745.92,0.0,2026-05-02
07ZZZZZ9014Z1Z1,INV/311,2025-09-16,6998.74,6998.74,2025-09,311,311,77763.83,0.0,2025-09-28
07ZZZZZ9004Z1Z1,INV/312,2026-02-27,7218.81,7218.81,2026-02,312,312,80209.07,0.0,2026-03-11
33ZZZZZ9025Z1Z1,INV/313,2026-06-05,0.0,0.0,2026-06,313,313,143719.4,25869.49,2026-06-17
06ZZZZZ9017Z1Z1,INV/314,2026-08-29,0.0,0.0,2026-08,314,314,75206.11,14890.81,2026-09-10
07ZZZZZ9015Z1Z1,INV/315,2025-11-20,10513.83,10513.83,2025-11,315,315,116820.27,0.0,2025-12-02
09ZZZZZ9021Z1Z1,INV/316,2026-06-19,0.0,0.0,2026-06,316,316,55576.46,10003.76,2026-07-01
29ZZZZZ9019Z1Z1,INV/317,2026-08-12,0.0,0.0,2026-08,317,317,88154.14,4407.71,2026-08-24
27ZZZZZ9023Z1Z1,INV/318,2026-10-02,0.0,0.0,2026-10,318,318,67115.63,12080.81,2026-10-14
06ZZZZZ9017Z1Z1,INV/319,2026-09-09,0.0,0.0,2026-09,319,319,56028.09,10085.06,2026-09-21
27ZZZZZ9018Z1Z1,INV/320,2025-11-16,0.0,0.0,2025-11,320,320,20837.85,3750.81,2025-11-28
29ZZZZZ9034Z1Z1,BILL-321,2026-10-08,0.0,0.0,2026-10,321,321,97501.96,17550.35,2026-10-20
07ZZZZZ9007Z1Z1,322,2025-12-17,2919.03,2919.03,2025-12,322,322,116761.08,0.0,2025-12-29
09ZZZZZ9031Z1Z1,INV/323,2025-09-19,0.0,0.0,2025-09,323,323,99328.11,17879.06,2025-10-01
07ZZZZZ9004Z1Z1,INV/324,2026-10-05,2489.59,2489.59,2026-10,324,324,99583.32,0.0,2026-10-17
07ZZZZZ9003Z1Z1,INV/325,2026-07-14,5903.4,5903.4,2026-07,325,325,65593.32,0.0,2026-07-26
06ZZZZZ9032Z1Z1,INV/326,2026-05-10,0.0,0.0,2026-05,326,326,140808.27,25345.49,2026-05-22
07ZZZZZ9001Z1Z1,BILL-327,2026-08-30,7861.9,7861.9,2026-08,327,327,87354.47,0.0,2026-09-11
33ZZZZZ9035Z1Z1,INV/328,2025-11-23,0.0,0.0,2025-11,328,328,76617.3,13791.11,2025-12-05
27ZZZZZ9018Z1Z1,INV/329,2026-09-09,0.0,0.0,2026-09,329,329,122278.01,22010.04,2026-09-21
06ZZZZZ9017Z1Z1,INV/330,2026-07-10,0.0,0.0,2026-07,330,330,7042.21,1267.6,2026-07-22
07ZZZZZ9013Z1Z1,INV/331,2025-09-16,5615.31,5615.31,2025-09,331,331,93588.4,0.0,2025-09-28
27ZZZZZ9033Z1Z1,INV/332,2026-01-24,0.0,0.0,2026-01,332,332,17576.98,3163.86,2026-02-05
09ZZZZZ9031Z1Z1,BILL-333,2025-10-03,0.0,0.0,2025-10,333,333,140694.68,25325.04,2025-10-15
27ZZZZZ9018Z1Z1,INV/334,2026-10-01,0.0,0.0,2026-10,334,334,68782.15,12380.79,2026-10-13
07ZZZZZ9016Z1Z1,INV/335,2026-08-30,2545.72,2545.72,2026-08,335,335,101828.99,0.0,2026-09-11
27ZZZZZ9033Z1Z1,INV/336,2025-09-20,0.0,0.0,2025-09,336,336,105092.1,18916.58,2025-10-02
07ZZZZZ9015Z1Z1,INV/337,2026-04-25,6690.27,6690.27,2026-04,337,337,74336.38,0.0,2026-05-07
09ZZZZZ9036Z1Z1,INV/338,2026-10-12,0.0,0.0,2026-10,338,338,114815.83,20666.85,2026-10-24
29ZZZZZ9039Z1Z1,INV/339,2026-08-15,0.0,0.0,2026-08,339,339,81198.47,4059.92,2026-08-27
07ZZZZZ9008Z1Z1,INV/340,2026-09-25,3129.3,3129.3,2026-09,340,340,125172.24,0.0,2026-10-07
07ZZZZZ9010Z1Z1,INV/341,2025-10-12,4731.94,4731.94,2025-10,341,341,52577.06,0.0,2025-10-24
27ZZZZZ9038Z1Z1,INV/342,2025-08-29,0.0,0.0,2025-08,342,342,18186.54,3273.58,2025-09-10
27ZZZZZ9033Z1Z1,BILL-343,2026-07-31,0.0,0.0,2026-07,343,343,71235.78,12822.44,2026-08-12
07ZZZZZ9002Z1Z1,INV/344,2025-10-10,11104.72,11104.72,2025-10,344,344,123385.72,0.0,2025-10-22
27ZZZZZ9023Z1Z1,INV/25-26/345,2026-09-07,0.0,0.0,2026-09,345,345,83468.71,4173.44,2026-09-19
07ZZZZZ9012Z1Z1,INV/346,2026-09-05,10444.05,10444.05,2026-09,346,346,116045.01,0.0,2026-09-17
29ZZZZZ9024Z1Z1,INV/347,2026-05-27,0.0,0.0,2026-05,347,347,70037.88,12606.82,2026-06-08
33ZZZZZ9035Z1Z1,INV/348,2026-10-10,0.0,0.0,2026-10,348,348,99762.44,17957.24,2026-10-22
09ZZZZZ9026Z1Z1,INV/349,2025-09-30,0.0,0.0,2025-09,349,349,23465.33,4223.76,2025-10-12
33ZZZZZ9020Z1Z1,INV/350,2026-07-17,0.0,0.0,2026-07,350,350,102657.48,18478.35,2026-07-29
07ZZZZZ9016Z1Z1,INV/351,2026-08-13,4967.39,4967.39,2026-08,351,351,55193.16,0.0,2026-08-25
07ZZZZZ9008Z1Z1,INV/352,2026-09-22,3059.36,3059.36,2026-09,352,352,122374.34,0.0,2026-10-04
07ZZZZZ9002Z1Z1,INV/353,2025-08-31,2066.01,2066.01,2025-08,353,353,14757.18,0.0,2025-09-12
07ZZZZZ9004Z1Z1,INV/354,2026-02-14,10114.06,10114.06,2026-02,354,354,112378.46,0.0,2026-02-26
07ZZZZZ9004Z1Z1,INV/355,2025-10-28,7025.84,7025.84,2025-10,355,355,78064.9,0.0,2025-11-09
06ZZZZZ9037Z1Z1,INV/356,2026-08-22,0.0,0.0,2026-08,356,356,88733.85,15972.09,2026-09-03
07ZZZZZ9010Z1Z1,INV/357,2026-08-22,2014.54,2014.54,2026-08,357,357,80581.4,0.0,2026-09-03
07ZZZZZ9012Z1Z1,INV/358,2026-09-28,2585.47,2585.47,2026-09,358,358,103418.77,0.0,2026-10-10
33ZZZZZ9025Z1Z1,INV/359,2025-07-25,0.0,0.0,2025-07,359,359,51216.5,9218.97,2025-08-06
33ZZZZZ9035Z1Z1,INV/360,2026-08-07,0.0,0.0,2026-08,360,360,59940.39,10789.27,2026-08-19
33ZZZZZ9030Z1Z1,INV/361,2026-09-13,0.0,0.0,2026-09,361,361,86545.96,4327.3,2026-09-25
33ZZZZZ9025Z1Z1,INV/362,2026-04-12,0.0,0.0,2026-04,362,362,61974.37,11155.39,2026-04-24
29ZZZZZ9024Z1Z1,INV/363,2025-08-10,0.0,0.0,2025-08,363,363,82667.15,9920.06,2025-08-22
29ZZZZZ9039Z1Z1,364,2026-10-09,0.0,0.0,2026-10,364,364,10734.4,1932.19,2026-10-21
07ZZZZZ9014Z1Z1,INV/365,2026-07-06,4976.01,4976.01,2026-07,365,365,55288.92,0.0,2026-07-18
07ZZZZZ9001Z1Z1,BILL-366,2025-08-24,20230.17,20230.17,2025-08,366,366,144501.25,0.0,2025-09-05
07ZZZZZ9014Z1Z1,INV/367,2026-09-30,12392.4,12392.4,2026-09,367,367,137693.34,0.0,2026-10-12
33ZZZZZ9035Z1Z1,INV/368,2026-09-12,0.0,0.0,2026-09,368,368,57092.64,2854.63,2026-09-24
33ZZZZZ9030Z1Z1,INV/369,2026-03-20,0.0,0.0,2026-03,369,369,121408.41,6070.42,2026-04-01
07ZZZZZ9014Z1Z1,INV/25-26/370,2026-07-25,4533.63,4533.63,2026-07,370,370,50373.69,0.0,2026-08-06
09ZZZZZ9036Z1Z1,INV/371,2026-08-17,0.0,0.0,2026-08,371,371,88975.72,16015.63,2026-08-29
33ZZZZZ9025Z1Z1,INV/372,2026-08-13,0.0,0.0,2026-08,372,372,125837.59,22650.77,2026-08-25
06ZZZZZ9022Z1Z1,INV/373,2026-06-01,0.0,0.0,2026-06,373,373,115687.29,20823.71,2026-06-13
06ZZZZZ9032Z1Z1,INV/374,2026-07-06,0.0,0.0,2026-07,374,374,29393.88,5819.99,2026-07-18
06ZZZZZ9032Z1Z1,INV/375,2026-09-22,0.0,0.0,2026-09,375,375,137950.41,24831.07,2026-10-04
29ZZZZZ9034Z1Z1,376,2026-04-04,0.0,0.0,2026-04,376,376,126664.93,6333.25,2026-04-16
06ZZZZZ9027Z1Z1,INV/377,2025-07-25,0.0,0.0,2025-07,377,377,127168.98,35607.31,2025-08-06
27ZZZZZ9033Z1Z1,INV/378,2026-08-11,0.0,0.0,2026-08,378,378,59114.1,10640.54,2026-08-23
09ZZZZZ9031Z1Z1,379,2026-06-07,0.0,0.0,2026-06,379,379,75738.89,3786.94,2026-06-19
27ZZZZZ9018Z1Z1,380,2026-09-20,0.0,0.0,2026-09,380,380,146734.51,26412.21,2026-10-02
07ZZZZZ9012Z1Z1,INV/381,2026-06-11,0.0,0.0,2026-06,381,381,138117.08,6905.85,2026-06-23
06ZZZZZ9017Z1Z1,INV/382,2026-09-20,0.0,0.0,2026-09,382,382,63762.09,11477.18,2026-10-02
33ZZZZZ9030Z1Z1,INV/383,2026-01-08,0.0,0.0,2026-01,383,383,60265.14,10847.73,2026-01-20
07ZZZZZ9006Z1Z1,INV/384,2025-12-01,3719.82,3719.82,2025-12,384,384,148792.83,0.0,2025-12-13
33ZZZZZ9025Z1Z1,INV/385,2026-09-01,0.0,0.0,2026-09,385,385,74020.74,13323.73,2026-09-13
27ZZZZZ9028Z1Z1,INV/386,2026-04-25,0.0,0.0,2026-04,386,386,118734.57,5936.73,2026-05-07
29ZZZZZ9034Z1Z1,INV/387,2026-09-13,0.0,0.0,2026-09,387,387,58316.14,2915.81,2026-09-25
09ZZZZZ9031Z1Z1,BILL-388,2026-06-20,0.0,0.0,2026-06,388,388,11751.49,2115.27,2026-07-02
07ZZZZZ9003Z1Z1,INV/389,2026-10-04,12570.4,12570.4,2026-10,389,389,139671.12,0.0,2026-10-16
09ZZZZZ9026Z1Z1,INV/390,2025-10-15,0.0,0.0,2025-10,390,390,68395.15,3419.76,2025-10-27
33ZZZZZ9025Z1Z1,INV/391,2026-04-17,0.0,0.0,2026-04,391,391,134996.24,6749.81,2026-04-29
07ZZZZZ9006Z1Z1,INV/392,2026-07-22,10178.21,10178.21,2026-07,392,392,113091.2,0.0,2026-08-03
07ZZZZZ9005Z1Z1,INV/393,2025-08-20,8347.45,8347.45,2025-08,393,393,92749.47,0.0,2025-09-01
27ZZZZZ9028Z1Z1,INV/395,2026-09-01,0.0,0.0,2026-09,395,395,103555.75,18640.03,2026-09-13
29ZZZZZ9019Z1Z1,INV/25-26/396,2025-08-13,0.0,0.0,2025-08,396,396,108400.74,30352.21,2025-08-25
07ZZZZZ9010Z1Z1,INV/25-26/397,2026-01-11,4582.65,4582.65,2026-01,397,397,50918.34,0.0,2026-01-23
27ZZZZZ9018Z1Z1,BILL-398,2025-12-05,0.0,0.0,2025-12,398,398,24213.52,1210.68,2025-12-17
06ZZZZZ9027Z1Z1,INV/399,2026-04-12,0.0,0.0,2026-04,399,399,8807.98,440.4,2026-04-24
09ZZZZZ9021Z1Z1,INV/400,2025-08-17,0.0,0.0,2025-08,400,400,6789.39,1222.6599999999999,2025-08-29
07ZZZZZ9016Z1Z1,INV/401,2026-09-24,7250.41,7250.41,2026-09,401,401,80560.16,0.0,2026-10-06
27ZZZZZ9018Z1Z1,BILL-402,2026-08-22,0.0,0.0,2026-08,402,402,26160.55,4708.9,2026-09-03
29ZZZZZ9024Z1Z1,INV/403,2026-07-24,0.0,0.0,2026-07,403,403,141912.23,25544.2,2026-08-05
07ZZZZZ9013Z1Z1,INV/404,2026-03-11,1845.99,1845.99,2026-03,404,404,20510.99,0.0,2026-03-23
33ZZZZZ9025Z1Z1,INV/405,2026-10-02,0.0,0.0,2026-10,405,405,68832.32,12389.82,2026-10-14
29ZZZZZ9039Z1Z1,INV/406,2026-08-26,0.0,0.0,2026-08,406,406,68563.12,12341.36,2026-09-07
07ZZZZZ9012Z1Z1,INV/407,2026-08-24,13092.155,13092.155,2026-08,407,407,145465.16,0.0,2026-09-05
06ZZZZZ9037Z1Z1,INV/408,2026-06-21,0.0,0.0,2026-06,408,408,52253.5,9405.63,2026-07-03
06ZZZZZ9037Z1Z1,INV/409,2026-07-29,0.0,0.0,2026-07,409,409,90872.92,16357.13,2026-08-10
07ZZZZZ9005Z1Z1,BILL-411,2026-10-11,9232.36,9232.36,2026-10,411,411,102581.76,0.0,2026-10-23
27ZZZZZ9028Z1Z1,INV/412,2026-08-03,0.0,0.0,2026-08,412,412,15724.94,3113.54,2026-08-15
33ZZZZZ9035Z1Z1,INV/413,2026-03-03,0.0,0.0,2026-03,413,413,138906.88,25003.24,2026-03-15
29ZZZZZ9024Z1Z1,INV/414,2026-01-31,0.0,0.0,2026-01,414,414,91103.89,16398.7,2026-02-12
27ZZZZZ9023Z1Z1,415,2025-08-25,0.0,0.0,2025-08,415,415,98814.98,27668.19,2025-09-06
06ZZZZZ9022Z1Z1,INV/25-26/416,2026-06-12,0.0,0.0,2026-06,416,416,20361.96,3665.15,2026-06-24
09ZZZZZ9036Z1Z1,INV/417,2026-03-19,0.0,0.0,2026-03,417,417,104711.34,18848.04,2026-03-31
27ZZZZZ9038Z1Z1,INV/418,2026-10-09,0.0,0.0,2026-10,418,418,26858.02,4834.44,2026-10-21
07ZZZZZ9006Z1Z1,INV/419,2026-09-06,3138.53,3138.53,2026-09,419,419,125541.07,0.0,2026-09-18
07ZZZZZ9014Z1Z1,INV/420,2026-09-11,6752.19,6752.19,2026-09,420,420,75024.27,0.0,2026-09-23
29ZZZZZ9029Z1Z1,421,2026-02-10,0.0,0.0,2026-02,421,421,14740.28,2653.25,2026-02-22
07ZZZZZ9007Z1Z1,INV/422,2026-08-27,3025.18,3025.18,2026-08,422,422,121007.27,0.0,2026-09-08
09ZZZZZ9036Z1Z1,INV/423,2026-08-06,0.0,0.0,2026-08,423,423,52993.5,9538.83,2026-08-18
07ZZZZZ9012Z1Z1,INV/424,2026-09-04,8808.25,8808.25,2026-09,424,424,97869.44,0.0,2026-09-16
07ZZZZZ9013Z1Z1,INV/425,2025-07-15,8178.25,8178.25,2025-07,425,425,90869.46,0.0,2025-07-27
07ZZZZZ9005Z1Z1,INV/426,2026-09-17,1777.87,1777.87,2026-09,426,426,19754.05,0.0,2026-09-29
33ZZZZZ9030Z1Z1,INV/427,2026-08-09,0.0,0.0,2026-08,427,427,63041.24,3152.06,2026-08-21
09ZZZZZ9021Z1Z1,INV/428,2026-03-28,0.0,0.0,2026-03,428,428,61352.69,11043.48,2026-04-09
33ZZZZZ9040Z1Z1,INV/429,2026-09-11,0.0,0.0,2026-09,429,429,122992.05,22138.57,2026-09-23
27ZZZZZ9038Z1Z1,INV/430,2025-11-30,0.0,0.0,2025-11,430,430,102455.96,5122.8,2025-12-12
29ZZZZZ9024Z1Z1,INV/431,2026-08-07,0.0,0.0,2026-08,431,431,79069.61,14232.53,2026-08-19
27ZZZZZ9028Z1Z1,INV/432,2025-09-09,0.0,0.0,2025-09,432,432,75567.18,21158.81,2025-09-21
07ZZZZZ9012Z1Z1,INV/433,2026-10-14,2627.59,2627.59,2026-10,433,433,29195.5,0.0,2026-10-26
33ZZZZZ9040Z1Z1,INV/434,2026-09-10,0.0,0.0,2026-09,434,434,130500.72,6525.04,2026-09-22
09ZZZZZ9036Z1Z1,INV/435,2026-09-02,0.0,0.0,2026-09,435,435,99695.12,17945.12,2026-09-14
29ZZZZZ9029Z1Z1,INV/436,2026-03-09,0.0,0.0,2026-03,436,436,29251.76,5265.32,2026-03-21
29ZZZZZ9019Z1Z1,INV/437,2026-08-12,0.0,0.0,2026-08,437,437,64853.67,3242.43,2026-08-24
06ZZZZZ9037Z1Z1,INV/25-26/438,2025-09-25,0.0,0.0,2025-09,438,438,84710.3,15247.85,2025-10-07
29ZZZZZ9024Z1Z1,439,2025-11-15,0.0,0.0,2025-11,439,439,124278.58,22370.14,2025-11-27
27ZZZZZ9028Z1Z1,INV/440,2026-02-11,0.0,0.0,2026-02,440,440,111718.36,5585.92,2026-02-23
29ZZZZZ9029Z1Z1,INV/441,2026-07-19,0.0,0.0,2026-07,441,441,55543.66,9997.86,2026-07-31
07ZZZZZ9008Z1Z1,INV/442,2026-02-10,4988.91,4988.91,2026-02,442,442,55432.33,0.0,2026-02-22
33ZZZZZ9040Z1Z1,INV/443,2026-10-13,0.0,0.0,2026-10,443,443,67084.22,3354.21,2026-10-25
29ZZZZZ9019Z1Z1,INV/445,2026-10-13,0.0,0.0,2026-10,445,445,88046.66,15848.4,2026-10-25
07ZZZZZ9007Z1Z1,INV/446,2026-03-21,13014.17,13014.17,2026-03,446,446,144601.94,0.0,2026-04-02
07ZZZZZ9009Z1Z1,INV/447,2025-09-21,3672.19,3672.19,2025-09,447,447,61203.2,0.0,2025-10-03
09ZZZZZ9026Z1Z1,INV/448,2026-10-09,0.0,0.0,2026-10,448,448,25614.89,4610.68,2026-10-21
29ZZZZZ9029Z1Z1,INV/449,2026-05-18,0.0,0.0,2026-05,449,449,96876.03,4843.8,2026-05-30
27ZZZZZ9018Z1Z1,INV/450,2025-08-17,0.0,0.0,2025-08,450,450,70930.87,11490.8,2025-08-29
33ZZZZZ9030Z1Z1,INV/451,2026-07-26,0.0,0.0,2026-07,451,451,101300.85,5065.04,2026-08-07
09ZZZZZ9026Z1Z1,INV/452,2025-08-02,0.0,0.0,2025-08,452,452,145378.64,40706.02,2025-08-14
06ZZZZZ9022Z1Z1,INV/453,2026-08-20,0.0,0.0,2026-08,453,453,88800.38,15984.07,2026-09-01
07ZZZZZ9004Z1Z1,INV/454,2026-03-06,485.96,485.96,2026-03,454,454,19438.34,0.0,2026-03-18
29ZZZZZ9029Z1Z1,INV/455,2026-08-04,0.0,0.0,2026-08,455,455,5098.01,917.64,2026-08-16
07ZZZZZ9009Z1Z1,INV/456,2025-10-12,1719.27,1719.27,2025-10,456,456,68770.5,0.0,2025-10-24
29ZZZZZ9024Z1Z1,INV/457,2026-10-06,0.0,0.0,2026-10,457,457,16950.98,3051.18,2026-10-18
33ZZZZZ9020Z1Z1,INV/25-26/458,2026-09-03,0.0,0.0,2026-09,458,458,67238.49,12102.93,2026-09-15
07ZZZZZ9009Z1Z1,INV/459,2026-07-24,5201.79,5201.79,2026-07,459,459,57797.67,0.0,2026-08-05
07ZZZZZ9008Z1Z1,INV/460,2026-08-27,9507.1,9507.1,2026-08,460,460,105634.5,0.0,2026-09-08
07ZZZZZ9007Z1Z1,INV/461,2026-07-28,5246.68,5246.68,2026-07,461,461,58296.44,0.0,2026-08-09
07ZZZZZ9009Z1Z1,462,2026-01-12,3724.41,3724.41,2026-01,462,462,148976.32,0.0,2026-01-24
07ZZZZZ9011Z1Z1,INV/463,2026-10-06,5033.0,5033.0,2026-10,463,463,55922.22,0.0,2026-10-18
33ZZZZZ9040Z1Z1,INV/464,2026-09-05,0.0,0.0,2026-09,464,464,69145.66,3457.28,2026-09-17
27ZZZZZ9038Z1Z1,INV/465,2026-07-30,0.0,0.0,2026-07,465,465,55972.67,10075.08,2026-08-11
07ZZZZZ9002Z1Z1,INV/467,2025-12-16,3131.07,3131.07,2025-12,467,467,34789.63,0.0,2025-12-28
29ZZZZZ9019Z1Z1,INV/468,2025-10-05,0.0,0.0,2025-10,468,468,12912.52,645.63,2025-10-17
07ZZZZZ9008Z1Z1,INV/469,2025-10-31,6969.55,6969.55,2025-10,469,469,77439.47,0.0,2025-11-12
33ZZZZZ9035Z1Z1,INV/471,2026-04-18,0.0,0.0,2026-04,471,471,30051.7,1502.59,2026-04-30
07ZZZZZ9005Z1Z1,INV/25-26/472,2026-09-28,1575.42,1575.42,2026-09,472,472,63016.87,0.0,2026-10-10
27ZZZZZ9033Z1Z1,INV/473,2026-08-20,0.0,0.0,2026-08,473,473,66418.41,11955.31,2026-09-01
33ZZZZZ9040Z1Z1,INV/474,2026-05-24,0.0,0.0,2026-05,474,474,65232.82,11741.91,2026-06-05
07ZZZZZ9010Z1Z1,INV/475,2026-03-19,4714.09,4714.09,2026-03,475,475,52378.79,0.0,2026-03-31
07ZZZZZ9012Z1Z1,INV/25-26/478,2026-10-07,170.91,170.91,2026-10,478,478,6836.42,0.0,2026-10-19
27ZZZZZ9023Z1Z1,INV/479,2025-09-22,0.0,0.0,2025-09,479,479,79997.31,14399.52,2025-10-04
27ZZZZZ9018Z1Z1,BILL-480,2026-07-31,0.0,0.0,2026-07,480,480,116857.39,5842.87,2026-08-12
06ZZZZZ9017Z1Z1,INV/481,2025-11-17,0.0,0.0,2025-11,481,481,95992.26,17278.61,2025-11-29
06ZZZZZ9037Z1Z1,INV/482,2026-09-16,0.0,0.0,2026-09,482,482,58314.73,10496.65,2026-09-28
07ZZZZZ9008Z1Z1,INV/25-26/483,2025-08-22,15737.83,15737.83,2025-08,483,483,112413.09,0.0,2025-09-03
33ZZZZZ9025Z1Z1,INV/484,2026-08-30,0.0,0.0,2026-08,484,484,30949.34,5570.88,2026-09-11
06ZZZZZ9027Z1Z1,INV/485,2026-10-03,0.0,0.0,2026-10,485,485,51661.29,14465.16,2026-10-15
06ZZZZZ9037Z1Z1,INV/486,2026-07-24,0.0,0.0,2026-07,486,486,22313.13,4016.36,2026-08-05
07ZZZZZ9003Z1Z1,INV/487,2026-09-19,1349.49,1349.49,2026-09,487,487,14994.33,0.0,2026-10-01
33ZZZZZ9020Z1Z1,INV/488,2025-11-22,0.0,0.0,2025-11,488,488,17525.9,3154.66,2025-12-04
33ZZZZZ9020Z1Z1,INV/489,2026-09-25,0.0,0.0,2026-09,489,489,60174.68,10831.44,2026-10-07
07ZZZZZ9013Z1Z1,INV/490,2026-03-10,9336.87,9336.87,2026-03,490,490,115269.92,0.0,2026-03-22
07ZZZZZ9002Z1Z1,INV/491,2025-07-04,11693.36,11693.36,2025-07,491,491,83524.05,0.0,2025-07-16
06ZZZZZ9022Z1Z1,INV/492,2026-05-09,0.0,0.0,2026-05,492,492,115044.73,5752.24,2026-05-21
07ZZZZZ9007Z1Z1,INV/493,2026-07-13,7364.08,7364.08,2026-07,493,493,81823.1,0.0,2026-07-25
07ZZZZZ9010Z1Z1,INV/494,2026-03-09,1663.99,1663.99,2026-03,494,494,18488.86,0.0,2026-03-21
06ZZZZZ9027Z1Z1,INV/495,2026-08-30,0.0,0.0,2026-08,495,495,71476.41,12865.75,2026-09-11
09ZZZZZ9026Z1Z1,496,2026-08-01,0.0,0.0,2026-08,496,496,90824.89,4540.7699999999995,2026-08-13
09ZZZZZ9021Z1Z1,INV/497,2026-08-17,0.0,0.0,2026-08,497,497,106605.21,19188.94,2026-08-29
07ZZZZZ9015Z1Z1,498,2025-12-10,3545.39,3545.39,2025-12,498,498,141815.43,0.0,2025-12-22
29ZZZZZ9029Z1Z1,BILL-499,2026-08-05,0.0,0.0,2026-08,499,499,50534.83,9096.27,2026-08-17
33ZZZZZ9030Z1Z1,500,2026-08-23,0.0,0.0,2026-08,500,500,128609.92,23149.79,2026-09-04
29ZZZZZ9039Z1Z1,INV/501,2025-12-03,0.0,0.0,2025-12,501,501,56178.01,2808.9,2025-12-15
27ZZZZZ9023Z1Z1,INV/502,2026-08-15,0.0,0.0,2026-08,502,502,79451.65,14301.3,2026-08-27
07ZZZZZ9012Z1Z1,INV/503,2025-11-11,3576.35,3576.35,2025-11,503,503,143054.01,0.0,2025-11-23
07ZZZZZ9016Z1Z1,INV/504,2026-04-11,1799.9,1799.9,2026-04,504,504,71996.27,0.0,2026-04-23
07ZZZZZ9015Z1Z1,INV/505,2026-07-22,3035.64,3035.64,2026-07,505,505,33729.29,0.0,2026-08-03
07ZZZZZ9006Z1Z1,INV/506,2025-11-27,8098.85,8098.85,2025-11,506,506,89987.22,0.0,2025-12-09
07ZZZZZ9013Z1Z1,BILL-507,2026-07-23,1732.44,1732.44,2026-07,507,507,69297.54,0.0,2026-08-04
07ZZZZZ9004Z1Z1,INV/508,2026-09-12,12509.92,12509.92,2026-09,508,508,138999.1,0.0,2026-09-24
33ZZZZZ9025Z1Z1,INV/509,2026-07-18,0.0,0.0,2026-07,509,509,66866.28,3343.31,2026-07-30
29ZZZZZ9029Z1Z1,INV/510,2026-08-19,0.0,0.0,2026-08,510,510,10024.17,1804.35,2026-08-31
06ZZZZZ9032Z1Z1,INV/511,2025-11-03,0.0,0.0,2025-11,511,511,133002.89,23940.52,2025-11-15
06ZZZZZ9027Z1Z1,INV/512,2025-09-20,0.0,0.0,2025-09,512,512,98184.62,11782.15,2025-10-02
33ZZZZZ9035Z1Z1,INV/513,2025-11-05,0.0,0.0,2025-11,513,513,148463.52,7423.18,2025-11-17
06ZZZZZ9032Z1Z1,INV/514,2025-12-31,0.0,0.0,2025-12,514,514,137338.17,24720.87,2026-01-12
09ZZZZZ9021Z1Z1,INV/515,2026-07-18,0.0,0.0,2026-07,515,515,56757.93,10216.43,2026-07-30
29ZZZZZ9034Z1Z1,INV/516,2026-09-13,0.0,0.0,2026-09,516,516,116192.11,20914.58,2026-09-25
07ZZZZZ9016Z1Z1,INV/517,2026-04-30,7414.65,7414.65,2026-04,517,517,82384.99,0.0,2026-05-12
06ZZZZZ9037Z1Z1,INV/518,2026-08-12,0.0,0.0,2026-08,518,518,56446.67,10160.4,2026-08-24
27ZZZZZ9038Z1Z1,INV/519,2026-08-14,0.0,0.0,2026-08,519,519,121900.48,21942.09,2026-08-26
27ZZZZZ9023Z1Z1,INV/520,2026-10-11,0.0,0.0,2026-10,520,520,86722.94,15610.13,2026-10-23
07ZZZZZ9008Z1Z1,FZ8X1A,2026-09-17,84.3,84.3,2026-09,538,FZ8X1A,3371.86,0.0,2026-09-27
06ZZZZZ9032Z1Z1,FZ32XX2,2026-09-20,0.0,0.0,2026-09,539,FZ32XX2,1887.59,339.77,2026-09-27
33ZZZZZ9035Z1Z1,FZ35X30,2026-09-23,0.0,0.0,2026-09,540,FZ35X30,4526.95,814.85,2026-10-10
29ZZZZZ9024Z1Z1,FZ24X4A,2026-09-16,0.0,0.0,2026-09,541,FZ24X4A,2243.87,403.9,2026-09-30
29ZZZZZ9029Z1Z1,FZ29XX5,2026-09-27,0.0,0.0,2026-09,542,FZ29XX5,1339.62,66.98,2026-10-04
06ZZZZZ9037Z1Z1,FZ37X60,2026-09-20,0.0,0.0,2026-09,543,FZ37X60,2592.76,466.7,2026-10-04
07ZZZZZ9006Z1Z1,FZ6X7A,2026-10-05,19.43,19.43,2026-09,544,FZ6X7A,777.38,0.0,2026-10-09
27ZZZZZ9038Z1Z1,FZ38XX8,2026-09-25,0.0,0.0,2026-09,545,FZ38XX8,3506.64,631.2,2026-09-29
29ZZZZZ9034Z1Z1,FZ34X90,2026-09-26,0.0,0.0,2026-09,546,FZ34X90,1523.81,76.19,2026-09-30
06ZZZZZ9037Z1Z1,FZ37X10A,2026-09-23,0.0,0.0,2026-09,547,FZ37X10A,2383.84,429.09,2026-09-27
09ZZZZZ9031Z1Z1,INV/107-SP0,2026-09-05,0.0,0.0,2026-09,2000,107SP0,42706.72,7687.21,2026-09-17
09ZZZZZ9031Z1Z1,INV/107-SP1,2026-09-05,0.0,0.0,2026-09,2001,107SP1,44372.29,7987.01,2026-09-17
09ZZZZZ9031Z1Z1,INV/107-SP2,2026-09-05,0.0,0.0,2026-09,2002,107SP2,48644.1,8755.94,2026-09-17
29ZZZZZ9034Z1Z1,INV/516-SP0,2026-09-12,0.0,0.0,2026-09,2003,516SP0,44211.44,7958.06,2026-09-24
29ZZZZZ9034Z1Z1,INV/516-SP1,2026-09-12,0.0,0.0,2026-09,2004,516SP1,45596.88,8207.44,2026-09-24
29ZZZZZ9034Z1Z1,INV/516-SP2,2026-09-12,0.0,0.0,2026-09,2005,516SP2,41420.11,7455.62,2026-09-24
33ZZZZZ9025Z1Z1,INV/99-SP0,2026-09-18,0.0,0.0,2026-09,2006,99SP0,39103.03,7038.55,2026-09-30
33ZZZZZ9025Z1Z1,INV/99-SP1,2026-09-18,0.0,0.0,2026-09,2007,99SP1,42518.38,7653.31,2026-09-30
33ZZZZZ9025Z1Z1,INV/99-SP2,2026-09-18,0.0,0.0,2026-09,2008,99SP2,44321.12,7977.8,2026-09-30
07ZZZZZ9010Z1Z1,MB-0,2026-09-10,900.0,900.0,2026-09,3000,MB0,10000.0,0.0,2026-10-12
07ZZZZZ9010Z1Z1,MB-1,2026-09-10,900.0,900.0,2026-09,3001,MB1,10000.0,0.0,2026-10-12
07ZZZZZ9010Z1Z1,MB-2,2026-09-10,900.0,900.0,2026-09,3002,MB2,10000.0,0.0,2026-10-12
07ZZZZZ9010Z1Z1,MB-3,2026-09-10,900.0,900.0,2026-09,3003,MB3,10000.0,0.0,2026-10-12
07ZZZZZ9010Z1Z1,MB-4,2026-09-10,900.0,900.0,2026-09,3004,MB4,10000.0,0.0,2026-10-12
07ZZZZZ9010Z1Z1,MB-5,2026-09-10,900.0,900.0,2026-09,3005,MB5,10000.0,0.0,2026-10-12
