invoice_no_norm,id,booked_on,hsn,taxable_value,cgst,igst,place_of_supply_state,supplier_id,invoice_no_raw,invoice_date,itc_period,rate_pct,sgst,total
1,1,2026-08-12,9965,98965.13,0.0,4948.26,07,18,INV/1,2026-08-10,2026-08,5.0,0.0,103913.39
2,2,2025-09-28,8483,72027.73,6482.49,0.0,07,16,INV/2,2025-09-26,2025-09,18.0,6482.49,84992.72
3,3,2026-05-26,9965,52021.0,1300.53,0.0,07,15,INV/3,2026-05-24,2026-05,5.0,1300.53,54622.05
4,4,2026-07-21,7318,43822.43,0.0,7888.04,07,21,INV/4,2026-07-19,2026-07,18.0,0.0,51710.47
5,5,2026-04-19,8708,100038.61,0.0,18006.95,07,21,INV/5,2026-04-17,2026-04,18.0,0.0,118045.56
6,6,2026-10-14,3923,25246.4,2272.18,0.0,07,10,INV/6,2026-10-12,2026-10,18.0,2272.18,29790.75
7,7,2026-09-29,9983,62913.07,0.0,11324.35,07,28,INV/7,2026-09-27,2026-09,18.0,0.0,74237.42
8,8,2025-09-11,4819,129859.92,7791.6,0.0,07,6,INV/25-26/8,2025-09-09,2025-09,12.0,7791.6,145443.11
9,9,2026-08-12,6307,60791.26,0.0,3039.56,07,39,INV/9,2026-08-10,2026-08,5.0,0.0,63830.82
10,10,2026-02-27,4819,103641.09,0.0,5182.05,07,36,10,2026-02-25,2026-02,5.0,0.0,108823.14
11,11,2026-10-07,6307,47557.52,0.0,2377.88,07,22,INV/25-26/11,2026-10-05,2026-10,5.0,0.0,49935.4
12,12,2026-07-07,8536,115484.52,0.0,20787.21,07,17,INV/12,2026-07-05,2026-07,18.0,0.0,136271.73
13,13,2025-08-26,9965,78611.12,0.0,3930.56,07,20,BILL-13,2025-08-24,2025-08,5.0,0.0,82541.68
14,14,2026-09-22,9983,52002.63,4680.23,0.0,07,1,BILL-14,2026-09-20,2026-09,18.0,4680.23,61363.1
15,15,2026-09-25,8708,13399.15,0.0,2411.85,07,20,INV/15,2026-09-23,2026-09,18.0,0.0,15811.0
16,16,2026-09-17,8536,116045.99,10444.14,0.0,07,5,BILL-16,2026-09-15,2026-09,18.0,10444.14,136934.27
17,17,2026-09-22,7318,144832.62,0.0,26069.87,07,39,INV/17,2026-09-20,2026-09,18.0,0.0,170902.49
18,18,2026-07-24,3923,62853.88,5656.85,0.0,07,13,INV/18,2026-07-22,2026-07,18.0,5656.85,74167.58
19,19,2026-01-10,7326,22545.61,0.0,4058.21,07,34,INV/19,2026-01-08,2026-01,18.0,0.0,26603.82
20,20,2026-09-25,9983,36931.52,3323.84,0.0,07,15,20,2026-09-23,2026-09,18.0,3323.84,43579.19
21,21,2026-07-21,6307,79552.64,0.0,3977.63,07,22,INV/21,2026-07-19,2026-07,5.0,0.0,83530.27
22,22,2026-08-02,9983,73537.3,0.0,13236.71,07,37,INV/22,2026-07-31,2026-07,18.0,0.0,86774.01
23,23,2026-08-20,6307,100552.5,2513.81,0.0,07,7,INV/23,2026-08-18,2026-08,5.0,2513.81,105580.12
24,24,2026-01-29,9965,99751.05,2493.78,0.0,07,4,INV/24,2026-01-27,2026-01,5.0,2493.78,104738.6
25,25,2025-08-03,6307,41055.17,0.0,4926.62,07,22,BILL-25,2025-08-01,2025-08,12.0,0.0,45981.79
26,26,2025-09-12,7326,41221.93,0.0,7419.95,07,18,INV/26,2025-09-10,2025-09,18.0,0.0,48641.88
27,27,2026-02-14,6307,12335.31,0.0,616.77,07,36,INV/27,2026-02-12,2026-02,5.0,0.0,12952.08
28,28,2026-07-28,8483,908305.72,81747.51,0.0,07,16,INV/28,2026-07-26,2026-07,18.0,81747.51,1071800.75
29,29,2026-09-18,8483,59951.1,5395.6,0.0,07,4,INV/29,2026-09-16,2026-09,18.0,5395.6,70742.3
30,30,2025-11-15,3923,66336.09,0.0,11940.5,07,30,INV/30,2025-11-13,2025-11,18.0,0.0,78276.59
31,31,2026-08-08,8483,32535.19,0.0,5856.33,07,32,INV/31,2026-08-06,2026-08,18.0,0.0,38391.52
32,32,2025-08-01,4819,113456.46,0.0,13614.78,07,35,32,2025-07-30,2025-07,12.0,0.0,127071.24
33,33,2026-03-04,8483,13247.54,0.0,2384.56,07,34,INV/33,2026-03-02,2026-03,18.0,0.0,15632.1
34,34,2026-10-01,9965,129963.78,3249.09,0.0,07,5,INV/34,2026-09-29,2026-09,5.0,3249.09,136461.97
35,35,2026-04-13,9983,10762.54,0.0,1937.26,07,38,35,2026-04-11,2026-04,18.0,0.0,12699.8
36,36,2026-04-27,3923,34617.58,0.0,6231.16,07,21,INV/36,2026-04-25,2026-04,18.0,0.0,40848.74
37,37,2026-08-02,7326,50845.69,0.0,9152.22,07,20,INV/37,2026-07-31,2026-07,18.0,0.0,59997.91
38,38,2026-10-04,6307,15622.8,0.0,781.14,07,37,INV/38,2026-10-02,2026-10,5.0,0.0,16403.94
39,39,2026-08-30,8708,58581.43,5272.33,0.0,07,5,39,2026-08-28,2026-08,18.0,5272.33,69126.09
40,40,2026-10-08,4819,101840.16,0.0,5092.01,07,34,INV/40,2026-10-06,2026-10,5.0,0.0,106932.17
41,41,2026-08-03,6307,134008.34,0.0,6700.42,07,17,INV/41,2026-08-01,2026-08,5.0,0.0,140708.76
42,42,2026-10-02,3926,34521.61,3106.95,0.0,07,14,INV/42,2026-09-30,2026-09,18.0,3106.95,40735.5
43,43,2025-11-15,4819,18383.28,0.0,919.16,07,17,INV/43,2025-11-13,2025-11,5.0,0.0,19302.44
44,44,2026-08-28,9965,147070.7,3676.76,0.0,07,9,BILL-44,2026-08-26,2026-08,5.0,3676.76,154424.23
45,45,2026-04-11,4819,21221.71,0.0,1061.09,07,36,INV/45,2026-04-09,2026-04,5.0,0.0,22282.8
46,46,2026-06-21,4819,126016.28,0.0,6300.81,07,35,INV/46,2026-06-19,2026-06,5.0,0.0,132317.09
47,47,2025-09-16,3923,57874.47,5208.7,0.0,07,3,INV/47,2025-09-14,2025-09,18.0,5208.7,68291.87
48,48,2026-08-31,9965,41181.81,1029.55,0.0,07,14,48,2026-08-29,2026-08,5.0,1029.55,43240.9
49,49,2026-09-28,8483,139235.75,0.0,25062.44,07,40,INV/49,2026-09-26,2026-09,18.0,0.0,164298.19
50,50,2025-09-24,7318,8594.02,773.46,0.0,07,12,INV/50,2025-09-22,2025-09,18.0,773.46,10140.94
51,51,2025-12-20,9965,130289.28,0.0,6514.46,07,27,INV/51,2025-12-18,2025-12,5.0,0.0,136803.74
52,52,2026-10-14,7318,131464.18,11831.77,0.0,07,7,INV/52,2026-10-12,2026-10,18.0,11831.77,155127.73
53,53,2026-09-13,3923,123977.78,0.0,22316.0,07,23,INV/53,2026-09-11,2026-09,18.0,0.0,146293.78
54,54,2026-08-10,3926,909496.1,0.0,163709.3,07,26,BILL-54,2026-08-08,2026-08,18.0,0.0,1073205.4
55,55,2025-12-29,9965,147266.7,0.0,7363.34,07,26,INV/55,2025-12-27,2025-12,5.0,0.0,154630.04
56,56,2026-08-19,9983,144567.48,13011.08,0.0,07,12,INV/56,2026-08-17,2026-08,18.0,13011.08,170589.63
57,57,2025-08-27,3926,68277.11,0.0,12289.88,07,23,INV/57,2025-08-25,2025-08,18.0,0.0,80566.99
58,58,2026-09-28,3923,11436.05,1029.24,0.0,07,13,INV/58,2026-09-26,2026-09,18.0,1029.24,13494.54
59,59,2026-03-26,9965,109317.35,0.0,5465.87,07,35,INV/59,2026-03-24,2026-03,0.0,0.0,114783.22
60,60,2026-09-10,9965,138511.77,3462.8,0.0,07,5,INV/60,2026-09-08,2026-09,5.0,3462.8,145437.36
61,61,2026-06-07,8536,49846.28,0.0,8972.33,07,20,INV/61,2026-06-05,2026-06,18.0,0.0,58818.61
62,62,2026-01-25,8483,32816.81,0.0,5907.03,07,36,INV/62,2026-01-23,2026-01,18.0,0.0,38723.84
63,63,2026-01-13,9983,87520.26,7876.82,0.0,07,12,INV/63,2026-01-11,2026-01,18.0,7876.82,103273.91
64,64,2026-08-22,7318,118935.03,10704.16,0.0,07,14,INV/64,2026-08-20,2026-08,18.0,10704.16,140343.34
65,65,2025-12-14,9965,35986.7,0.0,1799.34,07,29,INV/65,2025-12-12,2025-12,5.0,0.0,37786.04
66,66,2026-10-07,9965,17295.35,432.38,0.0,07,11,INV/66,2026-10-05,2026-10,5.0,432.38,18160.12
67,67,2026-05-23,8708,102555.37,9229.99,0.0,07,6,INV/67,2026-05-21,2026-05,18.0,9229.99,121015.34
68,68,2026-07-22,7326,93634.73,8427.12,0.0,07,16,INV/68,2026-07-20,2026-07,18.0,8427.12,110488.98
69,69,2026-02-21,8708,109160.16,0.0,19648.83,07,37,INV/69,2026-02-19,2026-02,18.0,0.0,128808.99
70,70,2026-10-08,6307,117870.96,2946.78,0.0,07,1,INV/70,2026-10-06,2026-10,5.0,2946.78,123764.51
71,71,2026-08-18,7326,12281.67,0.0,2210.7,07,34,INV/71,2026-08-16,2026-08,18.0,0.0,14492.37
72,72,2026-08-03,9965,82014.12,0.0,4100.71,07,30,INV/72,2026-08-01,2026-08,5.0,0.0,86114.83
73,73,2025-12-12,9983,123175.94,0.0,22171.67,07,29,INV/73,2025-12-10,2025-12,18.0,0.0,145347.61
74,74,2026-02-06,7326,135095.17,0.0,24317.13,07,36,INV/74,2026-02-04,2026-02,18.0,0.0,159412.3
75,75,2026-03-09,8483,45210.15,1130.26,0.0,07,16,INV/75,2026-03-07,2026-03,28.0,1130.26,47470.66
76,76,2026-04-24,7326,16235.09,0.0,2922.32,07,18,INV/76,2026-04-22,2026-04,18.0,0.0,19157.41
77,77,2026-09-24,8483,26870.45,2418.34,0.0,07,6,INV/77,2026-09-22,2026-09,18.0,2418.34,31707.13
78,78,2025-09-19,7318,64101.91,5769.17,0.0,07,5,INV/78,2025-09-17,2025-09,18.0,5769.17,75640.25
79,79,2025-11-01,8483,142178.99,0.0,25592.22,07,25,79,2025-10-30,2025-10,28.0,0.0,167771.21
80,80,2026-01-13,3923,114253.89,0.0,20565.7,07,23,INV/80,2026-01-11,2026-01,18.0,0.0,134819.59
81,81,2026-09-03,9983,135182.65,0.0,24332.88,07,35,INV/81,2026-09-01,2026-09,18.0,0.0,159515.53
82,82,2025-11-19,7318,53738.78,4836.49,0.0,07,2,INV/82,2025-11-17,2025-11,18.0,4836.49,63411.76
83,83,2026-01-26,8483,147204.69,0.0,26496.84,07,30,INV/83,2026-01-24,2026-01,18.0,0.0,173701.53
84,84,2026-09-27,6307,904579.51,22614.49,0.0,07,2,BILL-84,2026-09-25,2026-09,5.0,22614.49,949808.49
85,85,2026-09-03,8708,70931.4,0.0,12767.65,07,21,INV/85,2026-09-01,2026-09,18.0,0.0,83699.05
86,86,2026-09-08,6307,73194.49,0.0,3659.72,07,17,INV/86,2026-09-06,2026-09,5.0,0.0,76854.21
87,87,2025-07-29,8708,99270.89,0.0,27795.85,07,23,INV/87,2025-07-27,2025-07,28.0,0.0,127066.74
88,88,2026-07-20,8708,126688.18,11401.93,0.0,07,16,INV/88,2026-07-18,2026-07,18.0,11401.93,149492.05
89,89,2026-10-10,9983,142424.77,12818.23,0.0,07,8,INV/89,2026-10-08,2026-10,18.0,12818.23,168061.23
90,90,2025-11-11,9983,93050.89,8374.58,0.0,07,11,INV/90,2025-11-09,2025-11,18.0,8374.58,109800.05
91,91,2025-08-30,3923,20674.32,1860.69,0.0,07,11,BILL-91,2025-08-28,2025-08,18.0,1860.69,24395.7
92,92,2026-04-23,7318,141513.24,0.0,25472.38,07,25,92,2026-04-21,2026-04,18.0,0.0,166985.62
93,93,2026-06-21,6307,106092.99,2652.32,0.0,07,16,INV/93,2026-06-19,2026-06,5.0,2652.32,111397.64
94,94,2026-06-18,9983,118482.13,10663.39,0.0,07,8,INV/94,2026-06-16,2026-06,18.0,10663.39,139808.91
95,95,2026-02-07,8536,98893.77,8900.44,0.0,07,5,BILL-95,2026-02-05,2026-02,18.0,8900.44,116694.65
96,96,2026-08-28,3926,97159.84,0.0,17488.77,07,28,INV/96,2026-08-26,2026-08,18.0,0.0,114648.61
97,97,2025-09-18,4819,44161.95,0.0,5299.43,07,34,INV/97,2025-09-16,2025-09,12.0,0.0,49461.38
98,98,2026-04-04,7318,124731.52,0.0,22451.67,07,30,INV/98,2026-04-02,2026-04,18.0,0.0,147183.19
99,99,2025-12-15,3923,132836.52,11955.28,0.0,07,6,INV/99,2025-12-13,2025-12,18.0,11955.28,156747.09
100,100,2026-02-25,3926,9161.5,0.0,1649.07,07,25,INV/100,2026-02-23,2026-02,18.0,0.0,10810.57
101,101,2025-10-04,3923,54349.13,0.0,9782.84,07,23,INV/101,2025-10-02,2025-10,18.0,0.0,64131.97
102,102,2026-06-27,4819,79910.95,0.0,3995.55,07,36,INV/25-26/102,2026-06-25,2026-06,5.0,0.0,83906.5
103,103,2026-07-06,8708,105138.35,0.0,18924.9,07,36,INV/103,2026-07-04,2026-07,18.0,0.0,124063.25
104,104,2026-04-04,6307,47664.16,1191.61,0.0,07,2,INV/104,2026-04-02,2026-04,5.0,1191.61,50047.37
105,105,2026-09-29,7326,85253.58,0.0,15345.64,07,24,INV/105,2026-09-27,2026-09,18.0,0.0,100599.22
106,106,2026-07-19,7326,44282.88,0.0,7970.92,07,23,INV/106,2026-07-17,2026-07,18.0,0.0,52253.8
107,107,2025-09-02,6307,112717.75,0.0,13526.13,07,21,INV/107,2025-08-31,2025-08,12.0,0.0,126243.88
108,108,2026-08-13,3923,110064.83,0.0,19811.67,07,31,INV/108,2026-08-11,2026-08,18.0,0.0,129876.5
109,109,2026-03-28,8708,47955.74,4316.02,0.0,07,7,INV/109,2026-03-26,2026-03,18.0,4316.02,56587.77
110,110,2026-09-23,3923,11599.78,1043.98,0.0,07,9,BILL-110,2026-09-21,2026-09,18.0,1043.98,13687.74
111,111,2026-06-25,6307,131544.36,0.0,6577.22,07,32,INV/111,2026-06-23,2026-06,5.0,0.0,138121.58
112,112,2026-02-28,8483,144997.16,0.0,26099.49,07,22,INV/112,2026-02-26,2026-02,18.0,0.0,171096.65
113,113,2026-09-17,7318,76303.25,6867.29,0.0,07,5,INV/113,2026-09-15,2026-09,18.0,6867.29,90037.83
114,114,2026-08-05,3923,17351.23,0.0,3123.22,07,37,INV/114,2026-08-03,2026-08,18.0,0.0,20474.45
115,115,2026-04-14,9983,119657.42,0.0,21538.34,07,39,INV/115,2026-04-12,2026-04,18.0,0.0,141195.76
116,116,2026-09-11,9983,148554.53,0.0,26739.82,07,20,INV/116,2026-09-09,2026-09,18.0,0.0,175294.35
117,117,2026-07-29,9965,35598.65,889.97,0.0,07,14,INV/117,2026-07-27,2026-07,5.0,889.97,37378.58
118,118,2026-09-25,8483,5387.98,484.92,0.0,07,5,INV/118,2026-09-23,2026-09,18.0,484.92,6357.82
119,119,2026-05-03,8708,46775.21,4209.77,0.0,07,3,INV/119,2026-05-01,2026-05,18.0,4209.77,55194.75
120,120,2026-09-16,3923,119235.06,10731.16,0.0,07,15,INV/120,2026-09-14,2026-09,18.0,10731.16,140697.37
121,121,2026-06-06,7318,21642.56,1947.83,0.0,07,13,INV/121,2026-06-04,2026-06,18.0,1947.83,25538.22
122,122,2025-09-17,6307,13647.52,818.85,0.0,07,10,INV/122,2025-09-15,2025-09,12.0,818.85,15285.22
123,123,2026-05-03,3923,68677.25,0.0,12361.91,07,37,INV/123,2026-05-01,2026-05,18.0,0.0,81039.16
124,124,2025-12-05,8536,83297.33,0.0,14993.52,07,18,INV/124,2025-12-03,2025-12,18.0,0.0,98290.85
125,125,2026-09-10,9983,41303.35,0.0,7434.6,07,21,125,2026-09-08,2026-09,18.0,0.0,48737.95
126,126,2026-09-04,4819,149938.0,0.0,7496.9,07,38,INV/126,2026-09-02,2026-09,5.0,0.0,157434.9
127,127,2025-11-17,7326,80249.76,7222.48,0.0,07,12,INV/127,2025-11-15,2025-11,18.0,7222.48,94694.72
128,128,2026-09-29,9965,123065.52,0.0,6153.28,07,28,INV/128,2026-09-27,2026-09,5.0,0.0,129218.8
129,129,2026-08-28,9965,20166.98,0.0,1008.35,07,21,BILL-129,2026-08-26,2026-08,5.0,0.0,21175.33
130,130,2026-06-23,8536,10321.08,0.0,1857.79,07,26,BILL-130,2026-06-21,2026-06,18.0,0.0,12178.87
131,131,2026-09-06,4819,100360.76,0.0,5018.04,07,33,INV/131,2026-09-04,2026-09,5.0,0.0,105378.8
132,132,2026-09-21,9983,114684.26,0.0,20643.17,07,24,INV/132,2026-09-19,2026-09,18.0,0.0,135327.43
133,133,2026-08-20,8483,139512.55,0.0,25112.26,07,36,INV/133,2026-08-18,2026-08,18.0,0.0,164624.81
134,134,2026-02-17,9965,93286.39,2332.16,0.0,07,2,INV/134,2026-02-15,2026-02,5.0,2332.16,97950.71
135,135,2026-07-18,7318,18515.33,0.0,3332.76,07,36,INV/135,2026-07-16,2026-07,18.0,0.0,21848.09
136,136,2026-08-01,7326,140234.69,12621.12,0.0,07,10,INV/136,2026-07-30,2026-07,18.0,12621.12,165476.93
137,137,2026-09-16,8708,71234.04,0.0,12822.13,07,31,INV/25-26/137,2026-09-14,2026-09,18.0,0.0,84056.17
138,138,2026-10-17,6307,45055.87,1126.39,0.0,07,9,INV/138,2026-10-15,2026-10,5.0,1126.39,47308.66
139,139,2026-09-19,4819,46011.65,0.0,2300.58,07,18,INV/139,2026-09-17,2026-09,5.0,0.0,48312.23
140,140,2026-04-29,8483,69749.37,0.0,12554.89,07,32,INV/140,2026-04-27,2026-04,18.0,0.0,82304.26
141,141,2025-12-20,7318,71024.97,0.0,12784.49,07,35,INV/141,2025-12-18,2025-12,18.0,0.0,83809.46
142,142,2025-10-07,9983,60530.77,5447.77,0.0,07,16,INV/142,2025-10-05,2025-10,18.0,5447.77,71426.31
143,143,2026-09-15,7318,148320.03,0.0,26697.61,07,25,INV/143,2026-09-13,2026-09,18.0,0.0,175017.64
144,144,2026-06-01,4819,23305.71,0.0,1165.29,07,32,INV/144,2026-05-30,2026-05,5.0,0.0,24471.0
145,145,2025-12-19,6307,81262.91,0.0,4063.15,07,29,INV/145,2025-12-17,2025-12,5.0,0.0,85326.06
146,146,2026-10-08,6307,73076.14,1826.9,0.0,07,10,INV/146,2026-10-06,2026-10,5.0,1826.9,76729.95
147,147,2025-12-23,9965,16645.72,0.0,832.29,07,26,INV/147,2025-12-21,2025-12,5.0,0.0,17478.01
148,148,2026-06-13,3926,95885.88,0.0,17259.46,07,25,INV/148,2026-06-11,2026-06,18.0,0.0,113145.34
149,149,2026-03-09,9983,14921.01,1342.89,0.0,07,3,INV/149,2026-03-07,2026-03,18.0,1342.89,17606.79
150,150,2026-08-15,7318,146858.97,13217.31,0.0,07,6,INV/150,2026-08-13,2026-08,18.0,13217.31,173293.58
151,151,2026-06-28,8483,105630.17,0.0,19013.43,07,29,INV/151,2026-06-26,2026-06,18.0,0.0,124643.6
152,152,2026-07-24,3926,59351.96,0.0,10683.35,07,19,152,2026-07-22,2026-07,18.0,0.0,70035.31
153,153,2026-01-29,8483,30385.06,2734.66,0.0,07,12,INV/153,2026-01-27,2026-01,18.0,2734.66,35854.37
154,154,2026-01-14,7326,137360.21,12362.42,0.0,07,16,BILL-154,2026-01-12,2026-01,18.0,12362.42,162085.05
155,155,2026-08-18,7326,135675.37,12210.78,0.0,07,1,INV/155,2026-08-16,2026-08,18.0,12210.78,160096.94
156,156,2026-08-30,3923,97646.11,0.0,17576.3,07,38,INV/156,2026-08-28,2026-08,18.0,0.0,115222.41
157,157,2025-11-08,8708,149909.17,0.0,26983.65,07,20,INV/157,2025-11-06,2025-11,18.0,0.0,176892.82
158,158,2026-09-28,9983,47901.5,0.0,8622.27,07,23,INV/158,2026-09-26,2026-09,18.0,0.0,56523.77
159,159,2025-07-14,3923,6174.21,0.0,1111.36,07,26,INV/159,2025-07-12,2025-07,18.0,0.0,7285.57
160,160,2026-08-05,9983,113049.96,10174.5,0.0,07,4,INV/160,2026-08-03,2026-08,18.0,10174.5,133398.95
161,161,2026-08-15,3926,36755.66,0.0,6616.02,07,39,BILL-161,2026-08-13,2026-08,18.0,0.0,43371.68
162,162,2026-06-15,9965,19088.77,477.22,0.0,07,9,INV/162,2026-06-13,2026-06,5.0,477.22,20043.21
163,163,2026-09-11,9983,57904.88,5211.44,0.0,07,3,BILL-163,2026-09-09,2026-09,18.0,5211.44,68327.76
164,164,2025-12-17,8708,24163.17,2174.68,0.0,07,12,INV/164,2025-12-15,2025-12,18.0,2174.68,28512.54
165,165,2026-01-06,8483,42260.66,0.0,7606.92,07,18,INV/165,2026-01-04,2026-01,18.0,0.0,49867.58
166,166,2026-03-06,3926,121613.72,0.0,21890.47,07,19,INV/166,2026-03-04,2026-03,18.0,0.0,143504.19
167,167,2026-04-09,8536,58037.38,0.0,10446.73,07,26,INV/167,2026-04-07,2026-04,18.0,0.0,68484.11
168,168,2026-08-01,3926,102560.12,0.0,18460.82,07,30,INV/168,2026-07-30,2026-07,18.0,0.0,121020.94
169,169,2026-10-06,6307,102851.3,0.0,5142.56,07,24,INV/169,2026-10-04,2026-10,5.0,0.0,107993.86
170,170,2026-05-16,3926,137712.11,0.0,24788.18,07,36,INV/170,2026-05-14,2026-05,18.0,0.0,162500.29
171,171,2025-08-04,3923,99139.72,0.0,17845.15,07,30,INV/25-26/171,2025-08-02,2025-08,18.0,0.0,116984.87
172,172,2026-09-18,6307,39046.0,976.15,0.0,07,8,INV/172,2026-09-16,2026-09,5.0,976.15,40998.3
173,173,2026-01-17,7318,90164.35,0.0,16229.58,07,35,INV/173,2026-01-15,2026-01,18.0,0.0,106393.93
174,174,2026-09-29,7326,94269.57,8484.26,0.0,07,7,INV/174,2026-09-27,2026-09,18.0,8484.26,111238.09
175,175,2026-09-02,7326,69480.9,6253.28,0.0,07,14,INV/175,2026-08-31,2026-08,18.0,6253.28,81987.46
176,176,2025-09-23,8708,135745.95,19004.435,0.0,07,24,INV/176,2025-09-21,2025-09,28.0,19004.435,173754.82
177,177,2026-08-10,7326,839789.72,75581.07,0.0,07,8,INV/177,2026-08-08,2026-08,18.0,75581.07,990951.87
178,178,2026-04-16,4819,119085.22,2977.13,0.0,07,2,INV/178,2026-04-14,2026-04,5.0,2977.13,125039.48
179,179,2025-09-05,6307,125323.59,7519.41,0.0,07,14,INV/179,2025-09-03,2025-09,12.0,7519.41,140362.42
180,180,2026-08-15,8483,119353.34,0.0,21483.6,07,22,INV/180,2026-08-13,2026-08,18.0,0.0,140836.94
181,181,2025-11-21,8483,83331.24,7499.81,0.0,07,10,INV/181,2025-11-19,2025-11,18.0,7499.81,98330.86
182,182,2025-08-28,8483,7154.75,1001.66,0.0,07,2,INV/182,2025-08-26,2025-08,28.0,1001.66,9158.08
183,183,2025-11-01,8483,43478.29,3913.05,0.0,07,2,BILL-183,2025-10-30,2025-10,18.0,3913.05,51304.38
184,184,2026-07-25,7326,117812.47,0.0,21206.24,07,31,INV/184,2026-07-23,2026-07,18.0,0.0,139018.71
185,185,2025-08-27,9983,11287.93,1015.91,0.0,07,15,INV/185,2025-08-25,2025-08,18.0,1015.91,13319.76
186,186,2026-09-19,7326,98284.4,0.0,17691.19,07,20,BILL-186,2026-09-17,2026-09,18.0,0.0,115975.59
187,187,2026-09-09,7326,108298.19,9746.83,0.0,07,7,INV/187,2026-09-07,2026-09,18.0,9746.83,127791.86
188,188,2026-10-02,6307,23297.78,582.45,0.0,07,10,INV/188,2026-09-30,2026-09,5.0,582.45,24462.67
189,189,2026-04-28,7318,149221.02,0.0,26859.78,07,21,INV/189,2026-04-26,2026-04,18.0,0.0,176080.8
190,190,2026-02-20,6307,119998.93,0.0,5999.95,07,28,190,2026-02-18,2026-02,5.0,0.0,125998.88
191,191,2026-06-01,8708,67360.14,0.0,12124.83,07,36,INV/191,2026-05-30,2026-05,18.0,0.0,79484.97
192,192,2026-09-13,7318,110793.81,0.0,19942.89,07,26,INV/192,2026-09-11,2026-09,18.0,0.0,130736.7
193,193,2025-12-10,8483,104589.05,0.0,18826.03,07,24,INV/193,2025-12-08,2025-12,18.0,0.0,123415.08
194,194,2026-09-01,7318,19001.84,1710.16,0.0,07,6,INV/194,2026-08-30,2026-09,18.0,1710.16,22422.17
195,195,2026-07-24,8536,86444.09,0.0,15559.94,07,38,INV/195,2026-07-22,2026-07,18.0,0.0,102004.03
196,196,2026-10-10,4819,145417.8,0.0,7270.89,07,28,INV/196,2026-10-08,2026-10,5.0,0.0,152688.69
197,197,2026-09-19,8483,100226.76,9020.41,0.0,07,14,INV/197,2026-09-17,2026-09,18.0,9020.41,118267.58
198,198,2026-09-26,6307,115577.82,0.0,5778.89,07,24,INV/198,2026-09-24,2026-09,5.0,0.0,121356.71
199,199,2026-08-20,9983,93968.13,0.0,16914.26,07,36,INV/199,2026-08-18,2026-08,18.0,0.0,110882.39
200,200,2025-07-16,4819,31160.33,0.0,3739.24,07,18,INV/200,2025-07-14,2025-07,12.0,0.0,34899.57
201,201,2025-12-08,4819,31303.81,0.0,1565.19,07,23,201,2025-12-06,2025-12,5.0,0.0,32869.0
202,202,2026-10-06,6307,113186.21,2829.66,0.0,07,2,INV/202,2026-10-04,2026-10,5.0,2829.66,118845.52
203,203,2026-02-02,3926,50187.42,4516.87,0.0,07,11,INV/203,2026-01-31,2026-01,18.0,4516.87,59221.16
204,204,2026-04-19,8483,27824.44,2504.2,0.0,07,4,INV/204,2026-04-17,2026-04,18.0,2504.2,32832.84
205,205,2026-09-11,7326,93026.02,0.0,16744.68,07,28,INV/205,2026-09-09,2026-09,18.0,0.0,109770.7
206,206,2025-10-21,3926,67337.48,6060.38,0.0,07,8,INV/206,2025-10-19,2025-10,18.0,6060.38,79458.23
207,207,2026-06-15,9965,49720.81,0.0,2486.04,07,34,INV/207,2026-06-13,2026-06,5.0,0.0,52206.85
208,208,2026-09-01,8708,116265.68,0.0,20927.82,07,20,INV/208,2026-08-30,2026-09,18.0,0.0,137193.5
209,209,2026-07-17,7318,30475.75,0.0,5485.64,07,32,INV/209,2026-07-15,2026-07,18.0,0.0,35961.39
210,210,2026-09-26,6307,62575.32,0.0,3128.77,07,23,INV/210,2026-09-24,2026-09,5.0,0.0,65704.09
211,211,2026-07-26,9983,67246.22,0.0,12104.32,07,21,INV/211,2026-07-24,2026-07,18.0,0.0,79350.54
212,212,2026-05-26,7318,8024.2,722.18,0.0,07,8,INV/212,2026-05-24,2026-05,18.0,722.18,9468.56
213,213,2026-08-17,3926,17778.83,0.0,3200.19,07,30,INV/213,2026-08-15,2026-08,18.0,0.0,20979.02
214,214,2025-11-04,8536,16403.83,0.0,2952.69,07,26,INV/214,2025-11-02,2025-11,18.0,0.0,19356.52
215,215,2026-08-28,6307,79020.08,1975.5,0.0,07,11,215,2026-08-26,2026-08,5.0,1975.5,82971.08
216,216,2025-10-10,3926,110469.97,0.0,19884.59,07,23,INV/216,2025-10-08,2025-10,18.0,0.0,130354.56
217,217,2026-07-30,3923,33604.41,3024.39,0.0,07,10,INV/217,2026-07-28,2026-07,18.0,3024.39,39653.2
218,218,2026-07-27,8483,142937.36,12864.36,0.0,07,5,INV/218,2026-07-25,2026-07,18.0,12864.36,168666.08
219,219,2026-02-25,7326,103764.35,0.0,18677.58,07,38,INV/219,2026-02-23,2026-02,18.0,0.0,122441.93
220,220,2026-05-28,3926,130315.8,0.0,23456.84,07,40,INV/220,2026-05-26,2026-05,18.0,0.0,153772.64
221,221,2025-09-18,7326,96550.84,0.0,17379.15,07,31,INV/221,2025-09-16,2025-09,18.0,0.0,113929.99
222,222,2026-09-19,3923,71952.66,6475.74,0.0,07,5,BILL-222,2026-09-17,2026-09,18.0,6475.74,84904.14
223,223,2026-10-07,9983,91141.57,8202.74,0.0,07,6,INV/223,2026-10-05,2026-10,18.0,8202.74,107547.05
224,224,2026-04-26,7326,136812.24,12313.1,0.0,07,3,INV/224,2026-04-24,2026-04,18.0,12313.1,161438.44
225,225,2026-09-15,8483,143869.74,0.0,25896.55,07,33,INV/225,2026-09-13,2026-09,18.0,0.0,169766.29
226,226,2026-09-01,6307,78159.61,0.0,3907.98,07,22,INV/25-26/226,2026-08-30,2026-09,5.0,0.0,82067.59
227,227,2026-06-30,8536,80798.47,0.0,14543.72,07,29,BILL-227,2026-06-28,2026-06,18.0,0.0,95342.19
228,228,2026-09-07,9965,91693.45,0.0,4584.67,07,22,INV/228,2026-09-05,2026-09,5.0,0.0,96278.12
229,229,2026-08-28,8536,103365.01,9302.85,0.0,07,7,INV/229,2026-08-26,2026-08,18.0,9302.85,121970.71
230,230,2026-07-08,8483,53337.5,0.0,9600.75,07,39,INV/230,2026-07-06,2026-07,18.0,0.0,62938.25
231,231,2026-04-19,9965,828497.64,0.0,41424.88,07,20,INV/231,2026-04-17,2026-04,5.0,0.0,869922.52
232,232,2026-05-03,3923,86043.7,7743.94,0.0,07,6,INV/232,2026-05-01,2026-05,18.0,7743.94,101531.57
233,233,2025-12-18,6307,98673.6,0.0,4933.68,07,34,INV/233,2025-12-16,2025-12,5.0,0.0,103607.28
234,234,2026-08-25,8708,54551.19,4909.6,0.0,07,12,INV/234,2026-08-23,2026-08,18.0,4909.6,64370.4
235,235,2026-08-03,6307,47889.85,1197.24,0.0,07,10,INV/235,2026-08-01,2026-08,5.0,1197.24,50284.34
236,236,2026-03-19,4819,100979.74,0.0,5048.99,07,34,INV/236,2026-03-17,2026-03,5.0,0.0,106028.73
237,237,2026-09-03,8483,31222.67,2810.04,0.0,07,10,INV/237,2026-09-01,2026-09,18.0,2810.04,36842.75
238,238,2025-09-20,6307,11335.4,680.12,0.0,07,11,INV/238,2025-09-18,2025-09,12.0,680.12,12695.65
239,239,2026-09-11,3923,114096.72,0.0,20537.41,07,40,INV/239,2026-09-09,2026-09,18.0,0.0,134634.13
240,240,2025-10-30,7326,136076.28,0.0,24493.73,07,20,240,2025-10-28,2025-10,18.0,0.0,160570.01
241,241,2026-04-21,3923,117827.99,0.0,21209.04,07,30,INV/241,2026-04-19,2026-04,18.0,0.0,139037.03
242,242,2026-02-02,9983,25067.79,2256.1,0.0,07,13,INV/242,2026-01-31,2026-01,18.0,2256.1,29579.99
243,243,2026-05-27,8536,140472.57,0.0,25285.06,07,24,INV/243,2026-05-25,2026-05,18.0,0.0,165757.63
244,244,2026-03-24,6307,115651.94,0.0,5782.6,07,19,INV/244,2026-03-22,2026-03,5.0,0.0,121434.54
245,245,2026-10-09,6307,142229.92,0.0,7111.5,07,28,INV/245,2026-10-07,2026-10,5.0,0.0,149341.42
246,246,2026-08-05,7318,12722.25,1145.01,0.0,07,2,INV/246,2026-08-03,2026-08,18.0,1145.01,15012.26
247,247,2026-07-27,8708,9087.19,0.0,1635.69,07,24,INV/247,2026-07-25,2026-07,18.0,0.0,10722.88
248,248,2026-09-05,8483,24951.94,0.0,4491.35,07,22,INV/248,2026-09-03,2026-09,18.0,0.0,29443.29
249,249,2026-08-31,7326,70047.21,6304.25,0.0,07,9,INV/25-26/249,2026-08-29,2026-08,18.0,6304.25,82655.71
250,250,2026-08-05,9983,81526.87,0.0,14674.84,07,36,BILL-250,2026-08-03,2026-08,18.0,0.0,96201.71
251,251,2026-07-23,7318,97648.0,8788.32,0.0,07,16,INV/251,2026-07-21,2026-07,18.0,8788.32,115224.64
252,252,2026-09-18,8536,7383.13,0.0,1328.96,07,39,INV/252,2026-09-16,2026-09,18.0,0.0,8712.09
253,253,2025-11-03,7318,5226.83,0.0,940.83,07,19,INV/253,2025-11-01,2025-11,18.0,0.0,6167.66
254,254,2026-04-21,8536,146324.9,13169.24,0.0,07,6,254,2026-04-19,2026-04,18.0,13169.24,172663.38
255,255,2026-04-07,8536,7948.47,0.0,1430.72,07,33,INV/255,2026-04-05,2026-04,18.0,0.0,9379.19
256,256,2025-07-25,3923,113360.91,0.0,20404.96,07,24,INV/256,2025-07-23,2025-07,18.0,0.0,133765.87
257,257,2026-10-09,9983,111602.11,10044.19,0.0,07,7,INV/257,2026-10-07,2026-10,18.0,10044.19,131690.49
258,258,2026-08-29,9965,72370.32,1809.26,0.0,07,12,INV/258,2026-08-27,2026-08,5.0,1809.26,75988.84
259,259,2026-08-03,7326,10362.65,932.64,0.0,07,5,INV/259,2026-08-01,2026-08,18.0,932.64,12227.93
260,260,2026-07-22,3923,79730.62,0.0,14351.51,07,21,INV/260,2026-07-20,2026-07,18.0,0.0,94082.13
261,261,2026-04-07,9965,32710.0,817.75,0.0,07,3,INV/261,2026-04-05,2026-04,5.0,817.75,34345.5
262,262,2026-10-08,3923,23048.88,0.0,4148.8,07,22,INV/262,2026-10-06,2026-10,18.0,0.0,27197.68
263,263,2026-10-01,7318,54160.31,0.0,9748.86,07,29,263,2026-09-29,2026-09,18.0,0.0,63909.17
264,264,2026-09-21,6307,110426.79,0.0,5521.34,07,18,264,2026-09-19,2026-09,5.0,0.0,115948.13
265,265,2026-08-23,6307,16609.99,0.0,830.5,07,21,INV/265,2026-08-21,2026-08,5.0,0.0,17440.49
266,266,2025-09-22,6307,105015.9,0.0,12601.91,07,28,INV/266,2025-09-20,2025-09,12.0,0.0,117617.81
267,267,2025-07-24,9983,149731.84,0.0,26951.73,07,23,INV/267,2025-07-22,2025-07,18.0,0.0,176683.57
268,268,2026-08-12,9965,97439.32,2435.99,0.0,07,5,INV/268,2026-08-10,2026-08,5.0,2435.99,102311.29
269,269,2026-09-01,4819,25703.02,642.58,0.0,07,11,INV/269,2026-08-30,2026-09,5.0,642.58,26988.17
270,270,2026-08-07,6307,39219.33,980.49,0.0,07,9,INV/270,2026-08-05,2026-08,5.0,980.49,41180.3
271,271,2026-09-27,9983,27248.53,2452.37,0.0,07,3,INV/271,2026-09-25,2026-09,18.0,2452.37,32153.27
272,272,2026-07-26,8483,81771.68,0.0,14718.9,07,37,INV/272,2026-07-24,2026-07,18.0,0.0,96490.58
273,273,2026-07-15,8483,77361.37,6962.52,0.0,07,2,INV/273,2026-07-13,2026-07,18.0,6962.52,91286.42
274,274,2026-08-19,8708,149472.94,0.0,26905.13,07,29,INV/274,2026-08-17,2026-08,18.0,0.0,176378.07
275,275,2026-10-15,6307,24680.62,617.01,0.0,07,13,INV/25-26/275,2026-10-13,2026-10,5.0,617.01,25914.65
276,276,2026-10-06,9965,145296.38,3632.41,0.0,07,6,INV/276,2026-10-04,2026-10,5.0,3632.41,152561.2
277,277,2026-07-25,8536,47102.53,0.0,8478.46,07,36,INV/277,2026-07-23,2026-07,18.0,0.0,55580.99
278,278,2025-09-21,3926,78769.58,7089.26,0.0,07,12,INV/25-26/278,2025-09-19,2025-09,18.0,7089.26,92948.1
279,279,2026-09-18,3926,85333.11,7679.98,0.0,07,2,INV/279,2026-09-16,2026-09,18.0,7679.98,100693.07
280,280,2026-08-18,9983,133215.73,11989.42,0.0,07,9,BILL-280,2026-08-16,2026-08,18.0,11989.42,157194.56
281,281,2026-07-05,7318,116528.86,0.0,20975.19,07,34,INV/281,2026-07-03,2026-07,18.0,0.0,137504.05
282,282,2026-08-26,7326,72545.81,6529.12,0.0,07,5,INV/282,2026-08-24,2026-08,18.0,6529.12,85604.06
283,283,2025-09-06,9965,90228.97,0.0,4511.45,07,36,INV/283,2025-09-04,2025-09,5.0,0.0,94740.42
284,284,2025-09-07,6307,80124.81,4807.49,0.0,07,4,INV/284,2025-09-05,2025-09,12.0,4807.49,89739.79
285,285,2026-10-15,3926,142385.05,12814.66,0.0,07,15,INV/285,2026-10-13,2026-10,0.0,12814.66,168014.36
286,286,2025-11-25,8708,97083.28,0.0,17474.99,07,17,INV/286,2025-11-23,2025-11,18.0,0.0,114558.27
287,287,2025-09-05,8536,18547.12,0.0,3338.48,07,40,INV/287,2025-09-03,2025-09,18.0,0.0,21885.6
288,288,2026-05-02,8483,100516.27,9046.47,0.0,07,10,INV/288,2026-04-30,2026-04,18.0,9046.47,118609.2
289,289,2026-09-27,4819,16777.31,419.44,0.0,07,3,INV/289,2026-09-25,2026-09,5.0,419.44,17616.18
290,290,2026-08-01,9983,65405.08,5886.45,0.0,07,14,INV/290,2026-07-30,2026-07,18.0,5886.45,77177.99
291,291,2026-03-14,3923,98076.56,0.0,17653.78,07,35,INV/291,2026-03-12,2026-03,18.0,0.0,115730.34
292,292,2025-11-05,3923,70763.9,0.0,12737.5,07,26,INV/292,2025-11-03,2025-11,18.0,0.0,83501.4
293,293,2025-09-21,7326,34583.34,0.0,6225.0,07,31,INV/293,2025-09-19,2025-09,18.0,0.0,40808.34
294,294,2025-12-10,3926,146429.25,0.0,26357.26,07,21,BILL-294,2025-12-08,2025-12,18.0,0.0,172786.51
295,295,2026-03-23,8708,72638.52,0.0,13074.93,07,21,INV/295,2026-03-21,2026-03,18.0,0.0,85713.45
296,296,2026-07-23,7318,130303.76,0.0,23454.68,07,19,INV/296,2026-07-21,2026-07,18.0,0.0,153758.44
297,297,2026-09-19,9983,109563.62,0.0,19721.45,07,21,INV/25-26/297,2026-09-17,2026-09,18.0,0.0,129285.07
298,298,2026-03-15,7326,132465.97,0.0,23843.87,07,30,INV/298,2026-03-13,2026-03,18.0,0.0,156309.84
299,299,2025-08-18,7326,145169.56,0.0,26130.52,07,33,INV/299,2025-08-16,2025-08,18.0,0.0,171300.08
300,300,2026-08-22,9983,132939.22,0.0,23929.06,07,32,INV/300,2026-08-20,2026-08,18.0,0.0,156868.28
301,301,2026-07-18,7318,24420.57,2197.85,0.0,07,7,INV/301,2026-07-16,2026-07,18.0,2197.85,28816.27
302,302,2026-01-06,4819,63084.34,0.0,3154.22,07,24,INV/302,2026-01-04,2026-01,5.0,0.0,66238.56
303,303,2026-08-22,7318,78117.05,7030.53,0.0,07,5,INV/303,2026-08-20,2026-08,18.0,7030.53,92178.12
304,304,2025-11-23,9965,93601.26,0.0,4680.06,07,40,INV/25-26/304,2025-11-21,2025-11,5.0,0.0,98281.32
305,305,2026-08-29,3926,114469.95,0.0,20604.59,07,36,305,2026-08-27,2026-08,18.0,0.0,135074.54
306,306,2026-01-24,4819,24870.27,621.75,0.0,07,3,INV/306,2026-01-22,2026-01,5.0,621.75,26113.78
307,307,2026-03-02,9983,134504.1,12105.37,0.0,07,10,307,2026-02-28,2026-02,18.0,12105.37,158714.84
308,308,2026-10-03,9983,53774.15,0.0,9679.35,07,20,INV/308,2026-10-01,2026-10,18.0,0.0,63453.5
309,309,2026-04-01,3923,73859.43,0.0,13294.7,07,37,BILL-309,2026-03-30,2026-03,18.0,0.0,87154.13
310,310,2026-09-08,3923,120529.45,0.0,21695.3,07,38,INV/310,2026-09-06,2026-09,18.0,0.0,142224.75
311,311,2026-06-20,7326,43501.91,0.0,7830.34,07,39,INV/311,2026-06-18,2026-06,18.0,0.0,51332.25
312,312,2026-08-04,4819,89610.88,2240.27,0.0,07,15,312,2026-08-02,2026-08,5.0,2240.27,94091.42
313,313,2026-07-07,8483,124140.89,0.0,22345.36,07,25,INV/313,2026-07-05,2026-07,18.0,0.0,146486.25
314,314,2026-04-22,8708,7745.92,697.13,0.0,07,8,INV/314,2026-04-20,2026-04,18.0,697.13,9140.19
315,315,2025-09-18,7318,77763.83,6998.74,0.0,07,14,INV/315,2025-09-16,2025-09,18.0,6998.74,91761.32
316,316,2026-03-01,8483,80209.07,7218.81,0.0,07,4,INV/316,2026-02-27,2026-02,18.0,7218.81,94646.7
317,317,2026-06-07,3926,143719.4,0.0,25869.49,07,25,INV/317,2026-06-05,2026-06,18.0,0.0,169588.89
318,318,2026-09-20,8483,75206.11,0.0,13537.1,07,17,INV/318,2026-09-18,2026-09,28.0,0.0,88743.21
319,319,2025-11-22,3923,116820.27,10513.83,0.0,07,15,INV/319,2025-11-20,2025-11,18.0,10513.83,137847.92
320,320,2026-06-21,7326,55576.46,0.0,10003.76,07,21,INV/320,2026-06-19,2026-06,18.0,0.0,65580.22
321,321,2026-08-14,6307,88154.14,0.0,4407.71,07,19,INV/321,2026-08-12,2026-08,5.0,0.0,92561.85
322,322,2026-10-04,8483,47115.63,0.0,8480.81,07,23,INV/322,2026-10-02,2026-10,18.0,0.0,55596.44
323,323,2026-09-11,7326,36028.09,0.0,6485.06,07,17,INV/323,2026-09-09,2026-09,18.0,0.0,42513.15
324,324,2025-11-18,8483,20837.85,0.0,3750.81,07,18,INV/324,2025-11-16,2025-11,18.0,0.0,24588.66
325,325,2026-10-10,8708,97501.96,0.0,17550.35,07,34,BILL-325,2026-10-08,2026-10,18.0,0.0,115052.31
326,326,2025-12-19,9965,116761.08,2919.03,0.0,07,7,326,2025-12-17,2025-12,5.0,2919.03,122599.13
327,327,2025-09-21,7326,99328.11,0.0,17879.06,07,31,INV/327,2025-09-19,2025-09,18.0,0.0,117207.17
328,328,2026-10-07,6307,99583.32,2489.59,0.0,07,4,INV/328,2026-10-05,2026-10,5.0,2489.59,104562.49
329,329,2026-07-16,8483,65593.32,5903.4,0.0,07,3,INV/329,2026-07-14,2026-07,18.0,5903.4,77400.12
330,330,2026-09-05,8483,140808.27,0.0,25345.49,07,32,INV/330,2026-09-03,2026-09,18.0,0.0,166153.76
331,331,2025-11-28,3923,87354.47,0.0,15723.8,07,1,BILL-331,2025-11-26,2025-11,18.0,0.0,103078.27
332,332,2025-11-25,8536,76617.3,0.0,13791.11,07,35,INV/332,2025-11-23,2025-11,18.0,0.0,90408.41
333,333,2026-09-11,8708,122278.01,0.0,22010.04,07,18,INV/333,2026-09-09,2026-09,18.0,0.0,144288.05
334,334,2026-07-12,8483,7042.21,0.0,1267.6,07,17,INV/334,2026-07-10,2026-07,18.0,0.0,8309.81
335,335,2025-12-01,8483,93588.4,8422.95,0.0,07,13,INV/335,2025-11-29,2025-11,18.0,8422.95,110434.31
336,336,2026-01-26,3926,17576.98,0.0,3163.86,07,33,INV/336,2026-01-24,2026-01,18.0,0.0,20740.84
337,337,2025-10-05,3926,140694.68,0.0,25325.04,07,31,BILL-337,2025-10-03,2025-10,18.0,0.0,166019.72
338,338,2025-10-31,3926,48782.15,0.0,8780.79,07,18,INV/338,2025-10-29,2025-10,18.0,0.0,57562.94
339,339,2026-09-01,4819,101828.99,2545.72,0.0,07,16,INV/339,2026-08-30,2026-08,5.0,2545.72,106920.44
340,340,2025-09-22,3923,105092.1,0.0,18916.58,07,33,INV/340,2025-09-20,2025-09,18.0,0.0,124008.68
341,341,2026-08-14,8483,74336.38,6690.27,0.0,07,15,INV/341,2026-08-12,2026-08,18.0,6690.27,87716.93
342,342,2026-10-14,7326,114815.83,0.0,20666.85,07,36,INV/342,2026-10-12,2026-10,18.0,0.0,135482.68
343,343,2026-08-17,6307,81198.47,0.0,4059.92,07,39,INV/343,2026-08-15,2026-08,5.0,0.0,85258.39
344,344,2026-09-27,4819,125172.24,3129.3,0.0,07,8,INV/344,2026-09-25,2026-09,5.0,3129.3,131430.85
345,345,2025-10-14,8483,52577.06,4731.94,0.0,07,10,INV/345,2025-10-12,2025-10,18.0,4731.94,62040.93
346,346,2025-08-31,7326,18186.54,0.0,3273.58,07,38,INV/346,2025-08-29,2025-08,18.0,0.0,21460.12
347,347,2026-08-02,7318,71235.78,0.0,12822.44,07,33,BILL-347,2026-07-31,2026-07,18.0,0.0,84058.22
348,348,2026-06-12,7318,41896.3,3770.66,0.0,07,2,INV/25-26/348,2026-06-10,2026-06,18.0,3770.66,49437.63
349,349,2026-09-09,6307,83468.71,0.0,4173.44,07,23,INV/25-26/349,2026-09-07,2026-09,5.0,0.0,87642.15
350,350,2025-09-18,8483,116045.01,16246.3,0.0,07,12,INV/350,2025-09-16,2025-09,28.0,16246.3,148537.61
351,351,2026-05-29,7318,70037.88,0.0,12606.82,07,24,INV/351,2026-05-27,2026-05,18.0,0.0,82644.7
352,352,2026-10-12,8483,99762.44,0.0,17957.24,07,35,INV/352,2026-10-10,2026-10,18.0,0.0,117719.68
353,353,2025-10-02,8536,23465.33,0.0,4223.76,07,26,INV/353,2025-09-30,2025-09,18.0,0.0,27689.09
354,354,2026-07-19,7326,102657.48,0.0,18478.35,07,20,INV/354,2026-07-17,2026-07,18.0,0.0,121135.83
355,355,2025-09-22,4819,55193.16,3311.59,0.0,07,16,INV/355,2025-09-20,2025-09,12.0,3311.59,61816.34
356,356,2026-09-24,4819,122374.34,3059.36,0.0,07,8,INV/356,2026-09-22,2026-09,5.0,3059.36,128493.06
357,357,2026-07-30,8708,34881.84,3139.36,0.0,07,2,INV/25-26/357,2026-07-28,2026-07,18.0,3139.36,41160.57
358,358,2026-02-16,8708,112378.46,10114.06,0.0,07,4,INV/358,2026-02-14,2026-02,18.0,10114.06,132606.58
359,359,2025-10-30,8483,78064.9,7025.84,0.0,07,4,INV/359,2025-10-28,2025-10,18.0,7025.84,92116.58
360,360,2026-08-24,3926,88733.85,0.0,15972.09,07,37,INV/360,2026-08-22,2026-08,18.0,0.0,104705.94
361,361,2026-08-24,9965,80581.4,2014.54,0.0,07,10,INV/361,2026-08-22,2026-08,5.0,2014.54,84610.47
362,362,2026-09-30,9965,103418.77,2585.47,0.0,07,12,INV/362,2026-09-28,2026-09,5.0,2585.47,108589.71
363,363,2025-07-27,8536,51216.5,0.0,9218.97,07,25,INV/363,2025-07-25,2025-07,18.0,0.0,60435.47
364,364,2026-08-09,7326,39940.39,0.0,7189.27,07,35,INV/364,2026-08-07,2026-08,18.0,0.0,47129.66
365,365,2026-09-15,4819,86545.96,0.0,4327.3,07,30,INV/365,2026-09-13,2026-09,5.0,0.0,90873.26
366,366,2026-04-14,8708,41974.37,0.0,7555.39,07,25,INV/366,2026-04-12,2026-04,18.0,0.0,49529.76
367,367,2025-08-12,6307,82667.15,0.0,9920.06,07,24,INV/367,2025-08-10,2025-08,12.0,0.0,92587.21
368,368,2026-10-11,9983,10734.4,0.0,1932.19,07,39,368,2026-10-09,2026-10,18.0,0.0,12666.59
369,369,2026-07-08,7326,35288.92,3176.01,0.0,07,14,INV/369,2026-07-06,2026-07,18.0,3176.01,41640.93
370,370,2025-12-05,8708,140888.17,12679.93,0.0,07,1,INV/370,2025-12-03,2025-12,18.0,12679.93,166248.04
371,371,2025-09-01,8708,105865.81,0.0,29642.43,07,31,INV/371,2025-08-30,2025-08,28.0,0.0,135508.24
372,372,2026-01-22,3926,117449.51,0.0,21140.91,07,36,INV/372,2026-01-20,2026-01,18.0,0.0,138590.42
373,373,2026-04-02,3923,57148.47,0.0,10286.72,07,20,INV/373,2026-03-31,2026-03,18.0,0.0,67435.19
374,374,2026-10-17,3926,137577.92,0.0,24764.03,07,31,INV/374,2026-10-15,2026-10,18.0,0.0,162341.95
375,375,2026-08-14,4819,42812.25,1070.31,0.0,07,10,INV/375,2026-08-12,2026-08,5.0,1070.31,44952.86
376,376,2026-04-25,8483,33447.81,0.0,6020.61,07,19,INV/376,2026-04-23,2026-04,18.0,0.0,39468.42
377,377,2026-04-20,8536,99918.16,0.0,17985.27,07,32,INV/377,2026-04-18,2026-04,18.0,0.0,117903.43
378,378,2025-11-11,9965,112241.14,0.0,5612.06,07,32,INV/378,2025-11-09,2025-11,5.0,0.0,117853.2
379,379,2026-07-22,8708,109445.46,9850.09,0.0,07,11,INV/379,2026-07-20,2026-07,28.0,9850.09,129145.64
380,380,2026-10-15,8536,9904.44,891.4,0.0,07,4,INV/380,2026-10-13,2026-10,18.0,891.4,11687.24
381,381,2026-09-17,7318,24936.27,2244.26,0.0,07,1,INV/381,2026-09-15,2026-09,18.0,2244.26,29424.8
382,382,2025-08-06,8708,78331.27,10966.38,0.0,07,1,INV/382,2025-08-04,2025-08,28.0,10966.38,100264.03
383,383,2026-05-15,7326,100596.23,0.0,18107.32,07,40,383,2026-05-13,2026-05,18.0,0.0,118703.55
384,384,2026-04-11,8536,109717.94,9874.61,0.0,07,2,INV/384,2026-04-09,2026-04,18.0,9874.61,129467.17
385,385,2026-04-21,8483,20517.38,0.0,3693.13,07,28,INV/25-26/385,2026-04-19,2026-04,18.0,0.0,24210.51
386,386,2026-09-22,3926,43762.09,0.0,7877.18,07,17,INV/386,2026-09-20,2026-09,18.0,0.0,51639.27
387,387,2026-01-10,9983,40265.14,0.0,7247.73,07,30,INV/387,2026-01-08,2026-01,18.0,0.0,47512.87
388,388,2025-12-03,9965,148792.83,3719.82,0.0,07,6,INV/388,2025-12-01,2025-12,5.0,3719.82,156232.47
389,389,2026-09-03,8536,74020.74,0.0,13323.73,07,25,INV/389,2026-09-01,2026-09,18.0,0.0,87344.47
390,390,2026-09-18,9965,118734.57,0.0,5936.73,07,28,INV/390,2026-09-16,2026-09,5.0,0.0,124671.3
391,391,2026-09-15,4819,38316.14,0.0,1915.81,07,34,INV/391,2026-09-13,2026-09,5.0,0.0,40231.95
392,392,2026-06-22,3923,11751.49,0.0,2115.27,07,31,BILL-392,2026-06-20,2026-06,18.0,0.0,13866.76
393,393,2026-10-06,8483,139671.12,12570.4,0.0,07,3,INV/393,2026-10-04,2026-10,18.0,12570.4,164811.92
394,394,2025-10-17,6307,48395.15,0.0,2419.76,07,26,INV/394,2025-10-15,2025-10,5.0,0.0,50814.91
395,395,2026-04-19,9965,134996.24,0.0,6749.81,07,25,INV/395,2026-04-17,2026-04,5.0,0.0,141746.05
396,396,2026-07-24,8536,113091.2,10178.21,0.0,07,6,INV/396,2026-07-22,2026-07,18.0,10178.21,133447.62
397,397,2025-08-22,3926,92749.47,8347.45,0.0,07,5,INV/397,2025-08-20,2025-08,18.0,8347.45,109444.37
398,398,2026-08-27,9965,44632.42,1115.81,0.0,07,2,INV/398,2026-08-25,2026-08,5.0,1115.81,46864.04
399,399,2026-09-25,7318,31931.99,0.0,5747.76,07,25,INV/399,2026-09-23,2026-09,18.0,0.0,37679.75
400,400,2026-10-04,8708,108400.74,0.0,19512.13,07,19,INV/25-26/400,2026-10-02,2026-10,18.0,0.0,127912.87
401,401,2025-09-18,8483,50918.34,7128.57,0.0,07,10,INV/25-26/401,2025-09-16,2025-09,28.0,7128.57,65175.48
402,402,2025-12-07,6307,24213.52,0.0,1210.68,07,18,BILL-402,2025-12-05,2025-12,5.0,0.0,25424.2
403,403,2026-04-14,6307,8807.98,0.0,440.4,07,27,INV/403,2026-04-12,2026-04,5.0,0.0,9248.38
404,404,2025-08-19,7318,6789.39,0.0,1222.09,07,21,INV/404,2025-08-17,2025-08,18.0,0.0,8011.48
405,405,2026-09-26,9983,80560.16,7250.41,0.0,07,16,INV/405,2026-09-24,2026-09,18.0,7250.41,95060.99
406,406,2026-08-24,7326,26160.55,0.0,4708.9,07,18,BILL-406,2026-08-22,2026-08,18.0,0.0,30869.45
407,407,2026-07-26,3923,141912.23,0.0,25544.2,07,24,INV/407,2026-07-24,2026-07,18.0,0.0,167456.43
408,408,2026-03-13,7326,20510.99,1845.99,0.0,07,13,INV/408,2026-03-11,2026-03,18.0,1845.99,24202.97
409,409,2026-10-04,3926,68832.32,0.0,12389.82,07,25,INV/409,2026-10-02,2026-10,18.0,0.0,81222.14
410,410,2026-08-28,8483,48563.12,0.0,8741.36,07,39,INV/410,2026-08-26,2026-08,18.0,0.0,57304.48
411,411,2026-08-26,7318,145465.16,13091.86,0.0,07,12,INV/411,2026-08-24,2026-08,18.0,13091.86,171648.89
412,412,2026-06-23,8708,52253.5,0.0,9405.63,07,37,INV/412,2026-06-21,2026-06,18.0,0.0,61659.13
413,413,2026-07-31,8708,90872.92,0.0,16357.13,07,37,INV/413,2026-07-29,2026-07,18.0,0.0,107230.05
414,414,2026-08-02,7326,141731.36,12755.82,0.0,07,2,INV/414,2026-07-31,2026-07,18.0,12755.82,167243.0
415,415,2026-10-13,7318,102581.76,9232.36,0.0,07,5,BILL-415,2026-10-11,2026-10,18.0,9232.36,121046.48
416,416,2026-08-05,7318,15724.94,0.0,2830.49,07,28,INV/416,2026-08-03,2026-08,18.0,0.0,18555.43
417,417,2026-03-05,8536,138906.88,0.0,25003.24,07,35,INV/417,2026-03-03,2026-03,18.0,0.0,163910.12
418,418,2026-02-02,8536,91103.89,0.0,16398.7,07,24,INV/418,2026-01-31,2026-01,18.0,0.0,107502.59
419,419,2025-12-14,6307,98814.98,0.0,27668.19,07,23,419,2025-12-12,2025-12,12.0,0.0,126483.17
420,420,2026-06-14,7318,20361.96,0.0,3665.15,07,22,INV/25-26/420,2026-06-12,2026-06,18.0,0.0,24027.11
421,421,2026-03-21,9983,104711.34,0.0,18848.04,07,36,INV/421,2026-03-19,2026-03,18.0,0.0,123559.38
422,422,2026-10-11,8536,26858.02,0.0,4834.44,07,38,INV/422,2026-10-09,2026-10,18.0,0.0,31692.46
423,423,2026-09-08,6307,125541.07,3138.53,0.0,07,6,INV/423,2026-09-06,2026-09,5.0,3138.53,131818.12
424,424,2026-09-13,8536,75024.27,6752.19,0.0,07,14,INV/424,2026-09-11,2026-09,18.0,6752.19,88528.64
425,425,2026-02-12,3926,14740.28,0.0,2653.25,07,29,425,2026-02-10,2026-02,18.0,0.0,17393.53
426,426,2026-08-29,9965,121007.27,3025.18,0.0,07,7,INV/426,2026-08-27,2026-08,5.0,3025.18,127057.63
427,427,2026-08-08,8483,52993.5,0.0,9538.83,07,36,INV/427,2026-08-06,2026-08,18.0,0.0,62532.33
428,428,2026-09-06,8483,97869.44,8808.25,0.0,07,12,INV/428,2026-09-04,2026-09,18.0,8808.25,115485.94
429,429,2025-07-17,7326,90869.46,8178.25,0.0,07,13,INV/429,2025-07-15,2025-07,18.0,8178.25,107225.96
430,430,2026-08-21,9983,19754.05,1777.87,0.0,07,5,INV/430,2026-08-19,2026-08,18.0,1777.87,23309.78
431,431,2026-08-11,6307,43041.24,0.0,2152.06,07,30,INV/431,2026-08-09,2026-08,5.0,0.0,45193.3
432,432,2026-03-30,9983,61352.69,0.0,11043.48,07,21,INV/432,2026-03-28,2026-03,18.0,0.0,72396.17
433,433,2026-09-13,8483,122992.05,0.0,22138.57,07,40,INV/433,2026-09-11,2026-09,18.0,0.0,145130.62
434,434,2025-12-02,6307,102455.96,0.0,5122.8,07,38,INV/434,2025-11-30,2025-11,5.0,0.0,107578.76
435,435,2026-08-09,8483,79069.61,0.0,14232.53,07,24,INV/435,2026-08-07,2026-08,18.0,0.0,93302.14
436,436,2025-09-11,8483,75567.18,0.0,21158.81,07,28,INV/436,2025-09-09,2025-09,28.0,0.0,96725.99
437,437,2025-09-22,8483,29195.5,4087.37,0.0,07,12,INV/437,2025-09-20,2025-09,28.0,4087.37,37370.24
438,438,2026-09-12,4819,130500.72,0.0,6525.04,07,40,INV/438,2026-09-10,2026-09,5.0,0.0,137025.76
439,439,2026-09-04,8536,99695.12,0.0,17945.12,07,36,INV/439,2026-09-02,2026-09,18.0,0.0,117640.24
440,440,2026-03-11,7326,29251.76,0.0,5265.32,07,29,INV/440,2026-03-09,2026-03,18.0,0.0,34517.08
441,441,2026-08-14,4819,44853.67,0.0,2242.68,07,19,INV/441,2026-08-12,2026-08,5.0,0.0,47096.35
442,442,2025-09-27,7326,84710.3,0.0,15247.85,07,37,INV/25-26/442,2025-09-25,2025-09,18.0,0.0,99958.15
443,443,2025-11-17,8536,124278.58,0.0,22370.14,07,24,443,2025-11-15,2025-11,18.0,0.0,146648.72
444,444,2026-02-13,6307,111718.36,0.0,5585.92,07,28,INV/444,2026-02-11,2026-02,5.0,0.0,117304.28
445,445,2026-07-21,3923,55543.66,0.0,9997.86,07,29,INV/445,2026-07-19,2026-07,18.0,0.0,65541.52
446,446,2026-02-12,8708,35432.33,0.0,6377.82,07,8,INV/446,2026-02-10,2026-02,18.0,0.0,41810.15
447,447,2026-10-15,9965,67084.22,0.0,3354.21,07,40,INV/447,2026-10-13,2026-10,5.0,0.0,70438.43
448,448,2026-08-12,9983,55868.24,5028.14,0.0,07,4,INV/448,2026-08-10,2026-08,18.0,5028.14,65924.52
449,449,2026-10-15,3923,88046.66,0.0,15848.4,07,19,INV/449,2026-10-13,2026-10,18.0,0.0,103895.06
450,450,2026-03-23,8483,144601.94,13014.17,0.0,07,7,INV/450,2026-03-21,2026-03,18.0,13014.17,170630.29
451,451,2026-08-21,8483,41203.2,3708.29,0.0,07,9,INV/451,2026-08-19,2026-08,18.0,3708.29,48619.78
452,452,2026-10-11,7326,25614.89,0.0,4610.68,07,26,INV/452,2026-10-09,2026-10,18.0,0.0,30225.57
453,453,2026-05-20,6307,96876.03,0.0,4843.8,07,29,INV/453,2026-05-18,2026-05,5.0,0.0,101719.83
454,454,2025-08-19,3926,70930.87,0.0,12767.56,07,18,INV/454,2025-08-17,2025-08,18.0,0.0,83698.43
455,455,2026-07-28,9965,101300.85,0.0,5065.04,07,30,INV/455,2026-07-26,2026-07,5.0,0.0,106365.89
456,456,2025-08-04,8708,145378.64,0.0,40706.02,07,26,INV/456,2025-08-02,2025-08,28.0,0.0,186084.66
457,457,2026-08-22,8536,88800.38,0.0,15984.07,07,22,INV/457,2026-08-20,2026-08,18.0,0.0,104784.45
458,458,2026-03-08,4819,19438.34,485.96,0.0,07,4,INV/458,2026-03-06,2026-03,5.0,485.96,20410.26
459,459,2026-08-06,7326,5098.01,0.0,917.64,07,29,INV/459,2026-08-04,2026-08,18.0,0.0,6015.65
460,460,2025-10-14,9965,48770.5,1219.27,0.0,07,9,INV/460,2025-10-12,2025-10,0.0,1219.27,51209.03
461,461,2026-10-08,3923,16950.98,0.0,3051.18,07,24,INV/461,2026-10-06,2026-10,18.0,0.0,20002.16
462,462,2026-09-05,8708,67238.49,0.0,12102.93,07,20,INV/25-26/462,2026-09-03,2026-09,18.0,0.0,79341.42
463,463,2026-04-07,9983,37797.67,3401.79,0.0,07,9,INV/463,2026-04-05,2026-04,18.0,3401.79,44601.25
464,464,2026-08-29,7318,105634.5,9507.1,0.0,07,8,INV/464,2026-08-27,2026-08,18.0,9507.1,124648.71
465,465,2026-07-30,3926,58296.44,5246.68,0.0,07,7,INV/465,2026-07-28,2026-07,18.0,5246.68,68789.8
466,466,2026-01-14,9965,148976.32,3724.41,0.0,07,9,466,2026-01-12,2026-01,5.0,3724.41,156425.14
467,467,2026-10-08,7326,55922.22,5033.0,0.0,07,11,INV/467,2026-10-06,2026-10,0.0,5033.0,65988.22
468,468,2026-09-07,9965,69145.66,0.0,3457.28,07,40,INV/468,2026-09-05,2026-09,5.0,0.0,72602.94
469,469,2026-08-01,7318,55972.67,0.0,10075.08,07,38,INV/469,2026-07-30,2026-07,18.0,0.0,66047.75
470,470,2026-08-21,8708,85242.51,7671.82,0.0,07,6,INV/470,2026-08-19,2026-08,18.0,7671.82,100586.16
471,471,2026-10-13,9965,131994.94,3299.88,0.0,07,2,INV/471,2026-10-11,2026-10,5.0,3299.88,138594.69
472,472,2026-05-09,3923,98694.62,0.0,17765.03,07,26,INV/472,2026-05-07,2026-05,18.0,0.0,116459.65
473,473,2026-08-13,7318,21347.83,0.0,3842.61,07,32,INV/473,2026-08-11,2026-08,18.0,0.0,25190.44
474,474,2026-07-18,3926,24137.52,0.0,4344.75,07,24,INV/474,2026-07-16,2026-07,18.0,0.0,28482.27
475,475,2026-04-20,9965,830832.57,0.0,41541.63,07,35,INV/475,2026-04-18,2026-04,5.0,0.0,872374.2
476,476,2026-09-30,4819,43016.87,1075.42,0.0,07,5,INV/25-26/476,2026-09-28,2026-09,5.0,1075.42,45167.71
477,477,2026-08-22,7318,66418.41,0.0,11955.31,07,33,INV/477,2026-08-20,2026-08,18.0,0.0,78373.72
478,478,2026-05-26,8483,45232.82,0.0,8141.91,07,40,INV/478,2026-05-24,2026-05,18.0,0.0,53374.73
479,479,2026-03-21,8536,52378.79,4714.09,0.0,07,10,INV/479,2026-03-19,2026-03,18.0,4714.09,61806.97
480,480,2026-07-28,3923,106308.0,9567.72,0.0,07,5,INV/480,2026-07-26,2026-07,18.0,9567.72,125443.44
481,481,2026-08-17,7318,21818.05,1963.62,0.0,07,6,INV/481,2026-08-15,2026-08,18.0,1963.62,25745.3
482,482,2026-10-09,6307,6836.42,170.91,0.0,07,12,INV/25-26/482,2026-10-07,2026-10,5.0,170.91,7178.24
483,483,2025-09-24,8536,79997.31,0.0,14399.52,07,23,INV/483,2025-09-22,2025-09,18.0,0.0,94396.83
484,484,2026-08-02,6307,116857.39,0.0,5842.87,07,18,BILL-484,2026-07-31,2026-07,5.0,0.0,122700.26
485,485,2025-11-19,9983,95992.26,0.0,17278.61,07,17,INV/485,2025-11-17,2025-11,18.0,0.0,113270.87
486,486,2026-09-18,8483,58314.73,0.0,10496.65,07,37,INV/486,2026-09-16,2026-09,18.0,0.0,68811.38
487,487,2025-08-24,8708,112413.09,15737.83,0.0,07,8,INV/25-26/487,2025-08-22,2025-08,28.0,15737.83,143888.76
488,488,2026-09-01,8483,30949.34,0.0,5570.88,07,25,INV/488,2026-08-30,2026-09,18.0,0.0,36520.22
489,489,2026-09-01,8708,51661.29,0.0,14465.16,07,27,INV/489,2026-08-30,2026-09,28.0,0.0,66126.45
490,490,2026-07-26,3926,22313.13,0.0,4016.36,07,37,INV/490,2026-07-24,2026-07,18.0,0.0,26329.49
491,491,2026-04-23,7318,14994.33,1349.49,0.0,07,3,INV/491,2026-04-21,2026-04,18.0,1349.49,17693.31
492,492,2025-11-24,3926,17525.9,0.0,3154.66,07,20,INV/492,2025-11-22,2025-11,18.0,0.0,20680.56
493,493,2026-09-27,9983,40174.68,0.0,7231.44,07,20,INV/493,2026-09-25,2026-09,18.0,0.0,47406.12
494,494,2026-03-12,8536,115269.92,10374.3,0.0,07,13,INV/494,2026-03-10,2026-03,18.0,10374.3,136018.51
495,495,2025-07-06,8708,83524.05,11693.36,0.0,07,2,INV/495,2025-07-04,2025-07,28.0,11693.36,106910.78
496,496,2026-06-23,4819,115044.73,0.0,5752.24,07,22,INV/496,2026-06-21,2026-06,5.0,0.0,120796.97
497,497,2026-07-15,8708,81823.1,7364.08,0.0,07,7,INV/497,2026-07-13,2026-07,18.0,7364.08,96551.26
498,498,2026-03-16,4819,18488.86,1663.99,0.0,07,10,INV/498,2026-03-14,2026-03,12.0,1663.99,21816.85
499,499,2026-10-05,3926,71476.41,0.0,12865.75,07,27,INV/499,2026-10-03,2026-10,18.0,0.0,84342.16
500,500,2026-08-03,6307,90824.89,0.0,4541.24,07,26,500,2026-08-01,2026-08,5.0,0.0,95366.13
501,501,2026-08-19,7318,106605.21,0.0,19188.94,07,21,INV/501,2026-08-17,2026-08,18.0,0.0,125794.15
502,502,2025-12-12,6307,141815.43,3545.39,0.0,07,15,502,2025-12-10,2025-12,5.0,3545.39,148906.2
503,503,2026-08-07,7326,50534.83,0.0,9096.27,07,29,BILL-503,2026-08-05,2026-08,18.0,0.0,59631.1
504,504,2026-08-25,3923,128609.92,0.0,23149.79,07,30,504,2026-08-23,2026-08,18.0,0.0,151759.71
505,505,2025-12-05,4819,36178.01,0.0,1808.9,07,39,INV/505,2025-12-03,2025-12,5.0,0.0,37986.91
506,506,2026-08-17,7318,79451.65,0.0,14301.3,07,23,INV/506,2026-08-15,2026-08,18.0,0.0,93752.95
507,507,2025-11-13,4819,143054.01,3576.35,0.0,07,12,INV/507,2025-11-11,2025-11,5.0,3576.35,150206.71
508,508,2026-04-13,6307,71996.27,1799.9,0.0,07,16,INV/508,2026-04-11,2026-04,5.0,1799.9,75596.08
509,509,2026-07-24,8483,33729.29,3035.64,0.0,07,15,INV/509,2026-07-22,2026-07,18.0,3035.64,39800.56
510,510,2026-06-19,9983,89987.22,8098.85,0.0,07,6,INV/510,2026-06-17,2026-06,18.0,8098.85,106184.92
511,511,2026-07-25,9965,69297.54,0.0,3464.88,07,13,BILL-511,2026-07-23,2026-07,5.0,0.0,72762.42
512,512,2026-09-14,8483,138999.1,12509.92,0.0,07,4,INV/512,2026-09-12,2026-09,18.0,12509.92,164018.94
513,513,2026-07-20,9965,66866.28,0.0,3343.31,07,25,INV/513,2026-07-18,2026-07,5.0,0.0,70209.59
514,514,2026-08-21,8483,10024.17,0.0,1804.35,07,29,INV/514,2026-08-19,2026-08,18.0,0.0,11828.52
515,515,2025-11-05,7318,133002.89,0.0,23940.52,07,32,INV/515,2025-11-03,2025-11,18.0,0.0,156943.41
516,516,2026-08-03,8708,98184.62,0.0,17673.23,07,27,INV/516,2026-08-01,2026-08,18.0,0.0,115857.85
517,517,2025-11-07,4819,148463.52,0.0,7423.18,07,35,INV/517,2025-11-05,2025-11,5.0,0.0,155886.7
518,518,2026-01-02,3926,137338.17,0.0,24720.87,07,32,INV/518,2025-12-31,2025-12,18.0,0.0,162059.04
519,519,2026-07-20,9983,36757.93,0.0,6616.43,07,21,INV/519,2026-07-18,2026-07,18.0,0.0,43374.36
520,520,2026-09-15,3926,116192.11,0.0,20914.58,07,34,INV/520,2026-09-13,2026-09,18.0,0.0,137106.69
FZ7X1,538,2026-10-01,1234,1766.85,159.01,0.0,07,7,FZ7X1,2026-09-29,2026-09,18.0,159.01,2084.87
FZ32X2,539,2026-09-28,1234,2268.06,0.0,408.25,07,32,FZ32X2,2026-09-26,2026-09,18.0,0.0,2676.31
FZ28X3,540,2026-09-30,1234,745.27,0.0,37.26,07,28,FZ28X3,2026-09-28,2026-09,5.0,0.0,782.53
FZ39X4,541,2026-09-17,1234,1825.47,0.0,91.27,07,39,FZ39X4,2026-09-15,2026-09,5.0,0.0,1916.74
FZ14X5,542,2026-09-27,1234,1398.54,34.97,0.0,07,14,FZ14X5,2026-09-25,2026-09,5.0,34.97,1468.48
FZ31X6,543,2026-09-29,1234,3371.86,0.0,168.59,07,31,FZ31X6,2026-09-27,2026-09,5.0,0.0,3540.45
FZ31X7,544,2026-09-17,1234,1887.59,0.0,339.77,07,31,FZ31X7,2026-09-15,2026-09,18.0,0.0,2227.36
FZ6X8,545,2026-09-20,1234,4526.95,407.43,0.0,07,6,FZ6X8,2026-09-18,2026-09,18.0,407.43,5341.81
FZ24X9,546,2026-09-27,1234,1331.97,0.0,239.75,07,24,FZ24X9,2026-09-25,2026-09,18.0,0.0,1571.72
FZ29X10,547,2026-09-18,1234,2505.99,0.0,451.08,07,29,FZ29X10,2026-09-16,2026-09,18.0,0.0,2957.07
498A,1000,2026-03-10,3923,18488.86,1663.99,0.0,07,10,INV-498A,2026-03-08,2026-03,18.0,1663.99,21816.85
REVINV332,1001,2025-11-26,8536,76617.3,0.0,13791.11,07,35,REV-INV/332,2025-11-24,2025-11,18.0,0.0,90408.41
109DUPL,1002,2026-03-29,8708,47955.74,4316.02,0.0,07,7,INV/109/DUPL,2026-03-27,2026-03,18.0,4316.02,56587.77
437,1003,2026-10-16,8536,29195.5,2627.59,0.0,07,12,INV/437,2026-10-14,2026-10,18.0,2627.59,34450.69
69,1004,2026-02-21,8708,109160.16,0.0,19648.83,07,37,INV/69,2026-02-19,2026-02,18.0,0.0,128808.99
186,1005,2026-09-19,7326,98284.4,0.0,17691.19,07,20,BILL-186,2026-09-17,2026-09,18.0,0.0,115975.59
387,1006,2026-01-10,9983,40265.14,0.0,7247.73,07,30,INV/387,2026-01-08,2026-01,18.0,0.0,47512.87
95,1007,2026-02-07,8536,98893.77,8900.44,0.0,07,5,BILL-95,2026-02-05,2026-02,18.0,8900.44,116694.65
3850,2000,2026-04-21,8483,44291.03,0.0,7972.39,07,28,INV/25-26/385-0,2026-04-19,2026-04,18.0,0.0,52263.42
3851,2001,2026-04-21,8483,48328.43,0.0,8699.12,07,28,INV/25-26/385-1,2026-04-19,2026-04,18.0,0.0,57027.55
3852,2002,2026-04-21,8483,39070.7,0.0,7032.73,07,28,INV/25-26/385-2,2026-04-19,2026-04,18.0,0.0,46103.43
1650,2003,2026-01-06,8483,44831.35,0.0,8069.64,07,18,INV/165-0,2026-01-04,2026-01,18.0,0.0,52900.99
1651,2004,2026-01-06,8483,45056.91,0.0,8110.24,07,18,INV/165-1,2026-01-04,2026-01,18.0,0.0,53167.15
1652,2005,2026-01-06,8483,43551.47,0.0,7839.26,07,18,INV/165-2,2026-01-04,2026-01,18.0,0.0,51390.73
770,2006,2026-09-24,8483,38356.42,3452.08,0.0,07,6,INV/77-0,2026-09-22,2026-09,18.0,3452.08,45260.58
771,2007,2026-09-24,8483,48838.09,4395.43,0.0,07,6,INV/77-1,2026-09-22,2026-09,18.0,4395.43,57628.95
772,2008,2026-09-24,8483,39897.47,3590.77,0.0,07,6,INV/77-2,2026-09-22,2026-09,18.0,3590.77,47079.01
