invoice_date,id,taxable_value,cgst,igst,customer_id,invoice_no,hsn,rate_pct,sgst,total
2026-10-15,1,2739.79,246.58,0.0,19,SAL/1,9983,18.0,246.58,80000.0
2026-10-15,2,2883.97,259.56,0.0,1,SAL/2,9983,18.0,259.56,3403.08
2026-10-15,3,4559.74,410.38,0.0,7,SAL/3,9983,18.0,410.38,5380.49
2026-10-15,4,2927.08,263.44,0.0,3,SAL/4,9983,18.0,263.44,3453.95
2026-10-15,5,3270.88,294.38,0.0,16,SAL/5,9983,18.0,294.38,3859.64
2026-10-15,6,3162.51,284.62,0.0,6,SAL/6,9983,18.0,284.62,3731.76
2026-10-15,7,3423.5,308.12,0.0,2,SAL/7,9983,18.0,308.12,4039.73
2026-10-15,8,3158.5,284.26,0.0,19,SAL/8,9983,18.0,284.26,3727.03
2026-10-15,9,4241.18,381.7,0.0,3,SAL/9,9983,18.0,381.7,5004.59
2026-10-15,10,3853.62,346.82,0.0,18,SAL/10,9983,18.0,346.82,4547.27
2026-10-15,11,4546.01,409.14,0.0,18,SAL/11,9983,18.0,409.14,5364.29
2026-10-15,12,3687.06,331.83,0.0,16,SAL/12,9983,18.0,331.83,4350.73
2026-10-15,13,4756.94,428.12,0.0,17,SAL/13,9983,18.0,428.12,5613.19
2026-10-15,14,4501.13,405.1,0.0,4,SAL/14,9983,18.0,405.1,5311.33
2026-10-15,15,4872.65,438.54,0.0,7,SAL/15,9983,18.0,438.54,5749.73
2026-10-15,16,2606.69,234.6,0.0,22,SAL/16,9983,18.0,234.6,3075.89
2026-10-15,17,4556.41,410.07,0.0,20,SAL/17,9983,18.0,410.07,5376.56
2026-10-15,18,4317.76,388.6,0.0,3,SAL/18,9983,18.0,388.6,5094.96
2026-10-15,19,3880.14,349.21,0.0,17,SAL/19,9983,18.0,349.21,4578.57
2026-10-15,20,2530.91,227.78,0.0,4,SAL/20,9983,18.0,227.78,2986.47
2026-10-10,21,3916.48,352.49,0.0,4,SAL/21,9983,18.0,352.49,4621.45
2026-10-10,22,4464.36,401.79,0.0,14,SAL/22,9983,18.0,401.79,5267.94
2026-10-10,23,3713.96,334.25,0.0,2,SAL/23,9983,18.0,334.25,4382.47
2026-10-10,24,2859.63,257.37,0.0,2,SAL/24,9983,18.0,257.37,3374.36
2026-10-15,25,3328.74,299.58,0.0,2,SAL/25,9983,18.0,299.58,1500.0
2026-10-15,26,3171.46,285.43,0.0,1,SAL/26,9983,18.0,285.43,1500.0
2026-10-15,27,3257.64,293.19,0.0,16,SAL/27,9983,18.0,293.19,1500.0
2026-10-15,28,2745.54,247.1,0.0,5,SAL/28,9983,18.0,247.1,1500.0
2026-10-15,29,3607.78,324.7,0.0,9,SAL/29,9983,18.0,324.7,4257.18
2026-10-15,30,4113.89,370.25,0.0,15,SAL/30,9983,18.0,370.25,4854.39
2026-10-15,31,3517.93,316.62,0.0,25,SAL/31,9983,18.0,316.62,4151.16
2026-10-15,32,4552.54,409.73,0.0,3,SAL/32,9983,18.0,409.73,5372.0
2026-10-15,33,3508.46,315.76,0.0,6,SAL/33,9983,18.0,315.76,4139.98
2026-10-15,34,3001.82,270.17,0.0,8,SAL/34,9983,18.0,270.17,3542.15
2026-10-15,35,4795.08,431.56,0.0,9,SAL/35,9983,18.0,431.56,5658.19
2026-10-15,36,3762.82,338.65,0.0,22,SAL/36,9983,18.0,338.65,4440.13
2026-10-15,37,3721.97,334.98,0.0,6,SAL/37,9983,18.0,334.98,4391.92
2026-10-15,38,3878.33,349.05,0.0,6,SAL/38,9983,18.0,349.05,4576.43
2026-10-15,39,4372.4,393.51,0.0,10,SAL/39,9983,18.0,393.51,5159.43
2026-10-15,40,2907.27,261.65,0.0,8,SAL/40,9983,18.0,261.65,3430.58
2026-05-28,41,12030.49,1082.74,0.0,7,SAL/41,9983,18.0,1082.74,14195.98
2025-11-15,42,32927.78,2963.5,0.0,17,SAL/42,9983,18.0,2963.5,38854.78
2025-07-11,43,43366.87,3903.02,0.0,25,SAL/43,9983,18.0,3903.02,51172.91
2026-06-15,44,1436.0,129.24,0.0,5,SAL/44,9983,18.0,129.24,1694.48
2026-05-28,45,9486.83,853.82,0.0,1,SAL/45,9983,18.0,853.82,11194.46
2025-10-23,46,13367.13,1203.04,0.0,10,SAL/46,9983,18.0,1203.04,15773.21
2026-06-30,47,48384.2,4354.58,0.0,21,SAL/47,9983,18.0,4354.58,57093.36
2025-11-18,48,21766.53,1958.99,0.0,13,SAL/48,9983,18.0,1958.99,25684.51
2026-09-10,49,18086.75,1627.81,0.0,9,SAL/49,9983,18.0,1627.81,21342.36
2025-10-20,50,23868.2,2148.14,0.0,22,SAL/50,9983,18.0,2148.14,28164.48
2026-03-24,51,41391.23,3725.21,0.0,13,SAL/51,9983,18.0,3725.21,48841.65
2026-04-26,52,6013.29,541.2,0.0,17,SAL/52,9983,18.0,541.2,7095.68
2026-06-05,53,48357.79,4352.2,0.0,12,SAL/53,9983,18.0,4352.2,57062.19
2026-04-14,54,32719.76,2944.78,0.0,20,SAL/54,9983,18.0,2944.78,38609.32
2025-11-22,55,15625.32,1406.28,0.0,4,SAL/55,9983,18.0,1406.28,18437.88
2026-03-04,56,4128.02,371.52,0.0,9,SAL/56,9983,18.0,371.52,4871.06
2026-05-24,57,16931.72,1523.86,0.0,9,SAL/57,9983,18.0,1523.86,19979.43
2025-11-11,58,33149.86,2983.49,0.0,21,SAL/58,9983,18.0,2983.49,39116.83
2025-11-30,59,10229.64,920.67,0.0,17,SAL/59,9983,18.0,920.67,12070.98
2026-07-27,60,12774.8,1149.73,0.0,2,SAL/60,9983,18.0,1149.73,15074.26
2026-08-17,61,43008.45,3870.76,0.0,20,SAL/61,9983,18.0,3870.76,50749.97
2026-01-23,62,33365.99,3002.94,0.0,22,SAL/62,9983,18.0,3002.94,39371.87
2025-09-10,63,36342.88,3270.86,0.0,21,SAL/63,9983,18.0,3270.86,42884.6
2026-03-12,64,49875.99,4488.84,0.0,9,SAL/64,9983,18.0,4488.84,58853.67
2026-10-08,65,21509.72,1935.88,0.0,13,SAL/65,9983,18.0,1935.88,25381.47
2026-07-13,66,2730.63,245.75,0.0,23,SAL/66,9983,18.0,245.75,3222.14
2026-04-19,67,40984.72,3688.62,0.0,11,SAL/67,9983,18.0,3688.62,48361.97
2026-07-07,68,35955.1,3235.96,0.0,22,SAL/68,9983,18.0,3235.96,42427.02
2026-03-31,69,32277.37,2904.97,0.0,16,SAL/69,9983,18.0,2904.97,38087.3
2026-10-08,70,47092.73,4238.35,0.0,12,SAL/70,9983,18.0,4238.35,55569.42
2026-03-17,71,15709.55,1413.86,0.0,6,SAL/71,9983,18.0,1413.86,18537.27
2026-09-04,72,33223.12,2990.08,0.0,18,SAL/72,9983,18.0,2990.08,39203.28
2025-10-01,73,15395.42,1385.59,0.0,16,SAL/73,9983,18.0,1385.59,18166.6
2025-09-04,74,37305.03,3357.45,0.0,24,SAL/74,9983,18.0,3357.45,44019.94
2026-08-18,75,28392.55,2555.33,0.0,6,SAL/75,9983,18.0,2555.33,33503.21
2026-06-14,76,45079.97,4057.2,0.0,21,SAL/76,9983,18.0,4057.2,53194.36
2025-08-15,77,11890.42,1070.14,0.0,8,SAL/77,9983,18.0,1070.14,14030.7
2026-07-17,78,43700.18,3933.01,0.0,14,SAL/78,9983,18.0,3933.01,51566.21
2026-08-08,79,44455.33,4000.98,0.0,12,SAL/79,9983,18.0,4000.98,52457.29
2025-11-11,80,29692.96,2672.36,0.0,15,SAL/80,9983,18.0,2672.36,35037.69
2026-09-09,81,6771.29,609.41,0.0,2,SAL/81,9983,18.0,609.41,7990.12
2026-09-17,82,32085.44,2887.69,0.0,19,SAL/82,9983,18.0,2887.69,37860.82
2026-05-14,83,4489.57,404.06,0.0,7,SAL/83,9983,18.0,404.06,5297.69
2026-03-14,84,6870.98,618.39,0.0,22,SAL/84,9983,18.0,618.39,8107.76
2026-01-12,85,26962.09,2426.59,0.0,14,SAL/85,9983,18.0,2426.59,31815.27
2025-07-28,86,43671.61,3930.45,0.0,5,SAL/86,9983,18.0,3930.45,51532.5
2025-09-09,87,49625.04,4466.26,0.0,11,SAL/87,9983,18.0,4466.26,58557.55
2026-01-26,88,49372.39,4443.52,0.0,15,SAL/88,9983,18.0,4443.52,58259.42
2025-09-12,89,16502.79,1485.25,0.0,23,SAL/89,9983,18.0,1485.25,19473.29
2025-10-01,90,39168.12,3525.13,0.0,16,SAL/90,9983,18.0,3525.13,46218.38
2025-12-18,91,31920.61,2872.86,0.0,6,SAL/91,9983,18.0,2872.86,37666.32
2025-12-08,92,32090.45,2888.14,0.0,1,SAL/92,9983,18.0,2888.14,37866.73
2026-02-17,93,14402.87,1296.26,0.0,25,SAL/93,9983,18.0,1296.26,16995.39
2026-08-01,94,9261.68,833.55,0.0,25,SAL/94,9983,18.0,833.55,10928.78
2025-09-20,95,24989.28,2249.03,0.0,25,SAL/95,9983,18.0,2249.03,29487.35
2026-08-04,96,5314.03,478.26,0.0,20,SAL/96,9983,18.0,478.26,6270.56
2026-02-08,97,32040.89,2883.68,0.0,13,SAL/97,9983,18.0,2883.68,37808.25
2026-02-05,98,48301.06,4347.1,0.0,13,SAL/98,9983,18.0,4347.1,56995.25
2025-07-03,99,2848.54,256.37,0.0,7,SAL/99,9983,18.0,256.37,3361.28
2026-07-10,100,19281.97,1735.38,0.0,1,SAL/100,9983,18.0,1735.38,22752.72
2026-09-30,101,16788.44,1510.96,0.0,17,SAL/101,9983,18.0,1510.96,19810.36
2025-10-06,102,1877.89,169.01,0.0,1,SAL/102,9983,18.0,169.01,2215.91
2026-05-17,103,36946.56,3325.19,0.0,8,SAL/103,9983,18.0,3325.19,43596.94
2026-06-21,104,43972.27,3957.51,0.0,10,SAL/104,9983,18.0,3957.51,51887.28
2025-09-05,105,6032.7,542.95,0.0,17,SAL/105,9983,18.0,542.95,7118.59
2026-04-28,106,15999.64,1439.97,0.0,3,SAL/106,9983,18.0,1439.97,18879.58
2026-08-26,107,3240.2,291.62,0.0,10,SAL/107,9983,18.0,291.62,3823.44
2026-02-19,108,36663.76,3299.74,0.0,20,SAL/108,9983,18.0,3299.74,43263.24
2026-03-26,109,17553.92,1579.86,0.0,22,SAL/109,9983,18.0,1579.86,20713.63
2025-09-07,110,17793.91,1601.45,0.0,16,SAL/110,9983,18.0,1601.45,20996.81
2025-12-31,111,37755.66,3398.01,0.0,6,SAL/111,9983,18.0,3398.01,44551.68
2026-10-08,112,45992.07,4139.28,0.0,13,SAL/112,9983,18.0,4139.28,54270.64
2025-07-10,113,12192.5,1097.33,0.0,24,SAL/113,9983,18.0,1097.33,14387.15
2025-09-06,114,11348.32,1021.35,0.0,1,SAL/114,9983,18.0,1021.35,13391.02
2026-04-28,115,25727.04,2315.43,0.0,4,SAL/115,9983,18.0,2315.43,30357.91
2026-01-04,116,35844.39,3225.99,0.0,2,SAL/116,9983,18.0,3225.99,42296.38
2026-01-09,117,43950.66,3955.56,0.0,9,SAL/117,9983,18.0,3955.56,51861.78
2026-07-30,118,27201.94,2448.18,0.0,2,SAL/118,9983,18.0,2448.18,32098.29
2026-05-01,119,49739.33,4476.54,0.0,22,SAL/119,9983,18.0,4476.54,58692.41
2025-08-25,120,33024.81,2972.24,0.0,1,SAL/120,9983,18.0,2972.24,38969.28
2025-07-25,121,34797.74,3131.8,0.0,14,SAL/121,9983,18.0,3131.8,41061.33
2026-02-13,122,19632.43,1766.92,0.0,18,SAL/122,9983,18.0,1766.92,23166.27
2025-11-07,123,24245.42,2182.09,0.0,5,SAL/123,9983,18.0,2182.09,28609.6
2025-10-14,124,35064.41,3155.8,0.0,21,SAL/124,9983,18.0,3155.8,41376.0
2025-07-05,125,15754.71,1417.92,0.0,22,SAL/125,9983,18.0,1417.92,18590.56
2025-08-21,126,33461.67,3011.55,0.0,9,SAL/126,9983,18.0,3011.55,39484.77
2026-05-15,127,30676.08,2760.84,0.0,5,SAL/127,9983,18.0,2760.84,36197.77
2026-01-31,128,41701.98,3753.18,0.0,4,SAL/128,9983,18.0,3753.18,49208.34
2026-03-19,129,36219.55,3259.76,0.0,4,SAL/129,9983,18.0,3259.76,42739.07
2025-11-22,130,6586.62,592.79,0.0,4,SAL/130,9983,18.0,592.79,7772.21
2026-03-12,131,10733.69,966.03,0.0,7,SAL/131,9983,18.0,966.03,12665.75
2026-08-03,132,13886.7,1249.81,0.0,17,SAL/132,9983,18.0,1249.81,16386.31
2025-10-12,133,18538.17,1668.43,0.0,14,SAL/133,9983,18.0,1668.43,21875.04
2025-11-29,134,8858.31,797.25,0.0,18,SAL/134,9983,18.0,797.25,10452.81
2026-03-12,135,45607.47,4104.67,0.0,23,SAL/135,9983,18.0,4104.67,53816.81
2026-03-04,136,17199.58,1547.96,0.0,1,SAL/136,9983,18.0,1547.96,20295.5
2025-07-07,137,33910.02,3051.9,0.0,4,SAL/137,9983,18.0,3051.9,40013.82
2026-09-01,138,29133.49,2622.01,0.0,16,SAL/138,9983,18.0,2622.01,34377.52
2025-09-15,139,47522.85,4277.06,0.0,25,SAL/139,9983,18.0,4277.06,56076.96
2026-03-19,140,4677.36,420.96,0.0,24,SAL/140,9983,18.0,420.96,5519.28
2025-08-21,141,45334.19,4080.07,0.0,21,SAL/141,9983,18.0,4080.07,53494.34
2025-10-27,142,23380.81,2104.28,0.0,10,SAL/142,9983,18.0,2104.28,27589.36
2025-11-13,143,23749.59,2137.47,0.0,4,SAL/143,9983,18.0,2137.47,28024.52
2026-08-21,144,9560.39,860.43,0.0,2,SAL/144,9983,18.0,860.43,11281.26
2026-09-10,145,15237.79,1371.4,0.0,22,SAL/145,9983,18.0,1371.4,17980.59
2025-12-08,146,21873.77,1968.64,0.0,4,SAL/146,9983,18.0,1968.64,25811.05
2025-08-18,147,42711.05,3843.99,0.0,2,SAL/147,9983,18.0,3843.99,50399.04
2025-07-05,148,42747.94,3847.32,0.0,22,SAL/148,9983,18.0,3847.32,50442.57
2026-05-28,149,9355.1,841.96,0.0,12,SAL/149,9983,18.0,841.96,11039.02
2026-10-01,150,22448.01,2020.32,0.0,20,SAL/150,9983,18.0,2020.32,26488.65
2025-11-15,151,44045.3,3964.07,0.0,3,SAL/151,9983,18.0,3964.07,51973.45
2026-01-07,152,40933.25,3683.99,0.0,6,SAL/152,9983,18.0,3683.99,48301.23
2025-08-28,153,20638.1,1857.43,0.0,15,SAL/153,9983,18.0,1857.43,24352.96
2025-11-17,154,41949.71,3775.47,0.0,23,SAL/154,9983,18.0,3775.47,49500.66
2026-09-09,155,24434.01,2199.06,0.0,14,SAL/155,9983,18.0,2199.06,28832.13
2026-05-29,156,44420.07,3997.8,0.0,6,SAL/156,9983,18.0,3997.8,52415.68
2025-08-27,157,7493.07,674.38,0.0,24,SAL/157,9983,18.0,674.38,8841.82
2025-07-31,158,49096.89,4418.72,0.0,6,SAL/158,9983,18.0,4418.72,57934.33
2025-08-23,159,21385.36,1924.68,0.0,19,SAL/159,9983,18.0,1924.68,25234.72
2026-03-05,160,40310.97,3627.99,0.0,22,SAL/160,9983,18.0,3627.99,47566.94
2026-02-10,161,9881.77,889.36,0.0,13,SAL/161,9983,18.0,889.36,11660.49
2026-08-03,162,18571.35,1671.42,0.0,1,SAL/162,9983,18.0,1671.42,21914.19
2026-09-15,163,34538.74,3108.49,0.0,24,SAL/163,9983,18.0,3108.49,40755.71
2026-09-30,164,7402.11,666.19,0.0,16,SAL/164,9983,18.0,666.19,8734.49
2025-08-27,165,44492.1,4004.29,0.0,15,SAL/165,9983,18.0,4004.29,52500.68
2025-07-24,166,4103.47,369.31,0.0,21,SAL/166,9983,18.0,369.31,4842.09
2025-12-08,167,1605.65,144.51,0.0,22,SAL/167,9983,18.0,144.51,1894.67
2026-03-26,168,38608.91,3474.8,0.0,19,SAL/168,9983,18.0,3474.8,45558.51
2026-07-06,169,28685.6,2581.7,0.0,22,SAL/169,9983,18.0,2581.7,33849.01
2026-09-21,170,17576.73,1581.9,0.0,17,SAL/170,9983,18.0,1581.9,20740.54
2026-06-18,171,35328.43,3179.56,0.0,4,SAL/171,9983,18.0,3179.56,41687.55
2026-02-07,172,33423.95,3008.16,0.0,8,SAL/172,9983,18.0,3008.16,39440.26
2026-03-04,173,17941.72,1614.76,0.0,22,SAL/173,9983,18.0,1614.76,21171.23
2026-05-25,174,19858.95,1787.31,0.0,18,SAL/174,9983,18.0,1787.31,23433.56
2026-09-30,175,49401.79,4446.16,0.0,2,SAL/175,9983,18.0,4446.16,58294.11
2025-07-06,176,32526.54,2927.39,0.0,6,SAL/176,9983,18.0,2927.39,38381.32
2026-03-16,177,42593.43,3833.41,0.0,16,SAL/177,9983,18.0,3833.41,50260.25
2026-09-19,178,9104.79,819.43,0.0,25,SAL/178,9983,18.0,819.43,10743.65
2026-03-09,179,16711.06,1503.99,0.0,11,SAL/179,9983,18.0,1503.99,19719.05
2025-11-20,180,3467.19,312.05,0.0,8,SAL/180,9983,18.0,312.05,4091.28
2026-04-08,181,32522.55,2927.03,0.0,13,SAL/181,9983,18.0,2927.03,38376.61
2026-08-23,182,12515.0,1126.35,0.0,15,SAL/182,9983,18.0,1126.35,14767.7
2026-02-13,183,40261.8,3623.56,0.0,15,SAL/183,9983,18.0,3623.56,47508.92
2025-08-15,184,42972.87,3867.56,0.0,15,SAL/184,9983,18.0,3867.56,50707.99
2025-12-09,185,6816.64,613.5,0.0,16,SAL/185,9983,18.0,613.5,8043.64
2026-07-17,186,33015.28,2971.38,0.0,4,SAL/186,9983,18.0,2971.38,38958.03
2026-01-23,187,21204.59,1908.41,0.0,18,SAL/187,9983,18.0,1908.41,25021.42
2026-04-08,188,1008.32,90.75,0.0,3,SAL/188,9983,18.0,90.75,1189.82
2026-08-10,189,30605.96,2754.53,0.0,20,SAL/189,9983,18.0,2754.53,36115.03
2026-05-23,190,15925.3,1433.28,0.0,17,SAL/190,9983,18.0,1433.28,18791.85
2026-04-14,191,11135.71,1002.22,0.0,22,SAL/191,9983,18.0,1002.22,13140.14
2026-02-19,192,47567.4,4281.06,0.0,12,SAL/192,9983,18.0,4281.06,56129.53
2026-08-27,193,3659.49,329.36,0.0,8,SAL/193,9983,18.0,329.36,4318.2
2026-09-06,194,23268.54,2094.17,0.0,18,SAL/194,9983,18.0,2094.17,27456.88
2026-07-28,195,31368.14,2823.14,0.0,16,SAL/195,9983,18.0,2823.14,37014.41
2026-07-02,196,33201.19,2988.11,0.0,23,SAL/196,9983,18.0,2988.11,39177.4
2026-02-17,197,6587.14,592.85,0.0,25,SAL/197,9983,18.0,592.85,7772.83
2026-06-03,198,11865.61,1067.9,0.0,11,SAL/198,9983,18.0,1067.9,14001.42
2025-12-29,199,41664.31,3749.79,0.0,10,SAL/199,9983,18.0,3749.79,49163.89
2026-04-07,200,26577.27,2391.95,0.0,23,SAL/200,9983,18.0,2391.95,31361.18
2025-08-24,201,3243.13,291.88,0.0,6,SAL/201,9983,18.0,291.88,3826.89
2026-03-10,202,7882.01,709.38,0.0,23,SAL/202,9983,18.0,709.38,9300.77
2026-07-16,203,36356.4,3272.07,0.0,4,SAL/203,9983,18.0,3272.07,42900.55
2025-11-08,204,30931.74,2783.86,0.0,7,SAL/204,9983,18.0,2783.86,36499.45
2025-08-31,205,46580.6,4192.26,0.0,13,SAL/205,9983,18.0,4192.26,54965.11
2025-10-19,206,23395.25,2105.57,0.0,7,SAL/206,9983,18.0,2105.57,27606.4
2026-07-02,207,17558.74,1580.29,0.0,25,SAL/207,9983,18.0,1580.29,20719.31
2026-01-29,208,3278.52,295.06,0.0,21,SAL/208,9983,18.0,295.06,3868.65
2026-09-02,209,33934.95,3054.14,0.0,4,SAL/209,9983,18.0,3054.14,40043.24
2026-07-31,210,44695.96,4022.64,0.0,15,SAL/210,9983,18.0,4022.64,52741.23
2026-06-03,211,29876.49,2688.89,0.0,17,SAL/211,9983,18.0,2688.89,35254.26
2025-09-07,212,48228.88,4340.6,0.0,1,SAL/212,9983,18.0,4340.6,56910.08
2026-03-29,213,37074.48,3336.7,0.0,18,SAL/213,9983,18.0,3336.7,43747.89
2026-02-07,214,42101.99,3789.18,0.0,16,SAL/214,9983,18.0,3789.18,49680.35
2026-03-18,215,39272.99,3534.57,0.0,6,SAL/215,9983,18.0,3534.57,46342.13
2026-06-20,216,29349.16,2641.43,0.0,24,SAL/216,9983,18.0,2641.43,34632.01
2026-08-22,217,7290.71,656.16,0.0,13,SAL/217,9983,18.0,656.16,8603.04
2026-06-02,218,30426.76,2738.41,0.0,11,SAL/218,9983,18.0,2738.41,35903.58
2026-03-16,219,44188.14,3976.93,0.0,14,SAL/219,9983,18.0,3976.93,52142.01
2026-05-08,220,45879.6,4129.16,0.0,25,SAL/220,9983,18.0,4129.16,54137.93
2025-11-05,221,14406.2,1296.56,0.0,11,SAL/221,9983,18.0,1296.56,16999.32
2025-11-28,222,23189.44,2087.05,0.0,5,SAL/222,9983,18.0,2087.05,27363.54
2025-09-09,223,21224.53,1910.21,0.0,23,SAL/223,9983,18.0,1910.21,25044.95
2026-09-27,224,37672.92,3390.57,0.0,10,SAL/224,9983,18.0,3390.57,44454.05
2026-09-05,225,35373.22,3183.59,0.0,11,SAL/225,9983,18.0,3183.59,41740.4
2026-06-30,226,37104.11,3339.37,0.0,18,SAL/226,9983,18.0,3339.37,43782.85
2026-05-20,227,11649.79,1048.48,0.0,7,SAL/227,9983,18.0,1048.48,13746.75
2026-05-16,228,36004.84,3240.43,0.0,22,SAL/228,9983,18.0,3240.43,42485.71
2025-12-24,229,46138.4,4152.45,0.0,5,SAL/229,9983,18.0,4152.45,54443.31
2026-06-29,230,32854.23,2956.88,0.0,6,SAL/230,9983,18.0,2956.88,38767.99
2026-03-15,231,27582.08,2482.39,0.0,21,SAL/231,9983,18.0,2482.39,32546.85
2025-12-13,232,35807.28,3222.66,0.0,25,SAL/232,9983,18.0,3222.66,42252.59
2025-12-28,233,28551.73,2569.66,0.0,19,SAL/233,9983,18.0,2569.66,33691.04
2026-04-19,234,47191.01,4247.19,0.0,23,SAL/234,9983,18.0,4247.19,55685.39
2026-01-30,235,34037.93,3063.41,0.0,18,SAL/235,9983,18.0,3063.41,40164.76
2025-11-24,236,43996.38,3959.68,0.0,14,SAL/236,9983,18.0,3959.68,51915.73
2026-08-18,237,1625.76,146.32,0.0,4,SAL/237,9983,18.0,146.32,1918.4
2025-07-13,238,19662.65,1769.64,0.0,2,SAL/238,9983,18.0,1769.64,23201.93
2026-06-09,239,3773.63,339.62,0.0,9,SAL/239,9983,18.0,339.62,4452.88
2026-07-20,240,39491.08,3554.2,0.0,10,SAL/240,9983,18.0,3554.2,46599.47
2026-06-15,241,13277.49,1194.97,0.0,2,SAL/241,9983,18.0,1194.97,15667.44
2026-06-19,242,39433.51,3549.01,0.0,7,SAL/242,9983,18.0,3549.01,46531.54
2026-07-21,243,27517.43,2476.57,0.0,12,SAL/243,9983,18.0,2476.57,32470.57
2026-08-21,244,23177.13,2085.94,0.0,20,SAL/244,9983,18.0,2085.94,27349.01
2026-09-18,245,34100.77,3069.07,0.0,18,SAL/245,9983,18.0,3069.07,40238.91
2026-09-16,246,11991.06,1079.19,0.0,21,SAL/246,9983,18.0,1079.19,14149.45
2026-04-14,247,20055.45,1804.99,0.0,17,SAL/247,9983,18.0,1804.99,23665.43
2026-08-06,248,40044.85,3604.03,0.0,23,SAL/248,9983,18.0,3604.03,47252.92
2025-11-25,249,34953.87,3145.85,0.0,2,SAL/249,9983,18.0,3145.85,41245.57
2026-01-12,250,19990.18,1799.12,0.0,22,SAL/250,9983,18.0,1799.12,23588.41
2025-12-08,251,48325.83,4349.32,0.0,2,SAL/251,9983,18.0,4349.32,57024.48
2025-07-07,252,37439.83,3369.59,0.0,7,SAL/252,9983,18.0,3369.59,44179.0
2026-05-14,253,43573.65,3921.63,0.0,15,SAL/253,9983,18.0,3921.63,51416.91
2026-08-29,254,12051.88,1084.67,0.0,21,SAL/254,9983,18.0,1084.67,14221.22
2026-06-26,255,35767.73,3219.09,0.0,12,SAL/255,9983,18.0,3219.09,42205.92
2026-07-22,256,29830.88,2684.78,0.0,24,SAL/256,9983,18.0,2684.78,35200.44
2026-05-05,257,10626.99,956.43,0.0,24,SAL/257,9983,18.0,956.43,12539.85
2025-10-08,258,15414.71,1387.33,0.0,6,SAL/258,9983,18.0,1387.33,18189.36
2026-06-15,259,4648.98,418.41,0.0,6,SAL/259,9983,18.0,418.41,5485.8
2026-07-12,260,26178.5,2356.07,0.0,13,SAL/260,9983,18.0,2356.07,30890.63
2025-07-21,261,21996.88,1979.72,0.0,18,SAL/261,9983,18.0,1979.72,25956.32
2025-11-13,262,7373.26,663.6,0.0,19,SAL/262,9983,18.0,663.6,8700.45
2026-09-07,263,13495.79,1214.62,0.0,11,SAL/263,9983,18.0,1214.62,15925.03
2026-02-24,264,35774.78,3219.73,0.0,5,SAL/264,9983,18.0,3219.73,42214.24
2025-07-21,265,8531.47,767.83,0.0,11,SAL/265,9983,18.0,767.83,10067.13
2026-05-02,266,3491.92,314.27,0.0,21,SAL/266,9983,18.0,314.27,4120.47
2026-05-12,267,42313.86,3808.24,0.0,10,SAL/267,9983,18.0,3808.24,49930.35
2026-03-09,268,39705.5,3573.49,0.0,18,SAL/268,9983,18.0,3573.49,46852.49
2025-12-31,269,4571.16,411.4,0.0,23,SAL/269,9983,18.0,411.4,5393.97
2025-12-10,270,26744.36,2406.99,0.0,6,SAL/270,9983,18.0,2406.99,31558.34
2026-03-24,271,4340.65,390.66,0.0,17,SAL/271,9983,18.0,390.66,5121.97
2025-09-20,272,21380.63,1924.26,0.0,18,SAL/272,9983,18.0,1924.26,25229.14
2026-01-23,273,5505.33,495.48,0.0,8,SAL/273,9983,18.0,495.48,6496.29
2026-09-26,274,11454.34,1030.89,0.0,11,SAL/274,9983,18.0,1030.89,13516.12
2025-12-17,275,18679.09,1681.12,0.0,7,SAL/275,9983,18.0,1681.12,22041.33
2026-07-21,276,31295.75,2816.61,0.0,16,SAL/276,9983,18.0,2816.61,36928.98
2026-04-14,277,41360.73,3722.47,0.0,21,SAL/277,9983,18.0,3722.47,48805.66
2025-07-05,278,6621.38,595.92,0.0,12,SAL/278,9983,18.0,595.92,7813.23
2026-02-14,279,12777.05,1149.93,0.0,21,SAL/279,9983,18.0,1149.93,15076.92
2026-05-11,280,46011.76,4141.06,0.0,8,SAL/280,9983,18.0,4141.06,54293.88
2025-07-21,281,34445.02,3100.05,0.0,11,SAL/281,9983,18.0,3100.05,40645.12
2026-01-12,282,45880.69,4129.26,0.0,4,SAL/282,9983,18.0,4129.26,54139.21
2026-01-14,283,13572.94,1221.57,0.0,24,SAL/283,9983,18.0,1221.57,16016.07
2025-11-22,284,2210.58,198.95,0.0,17,SAL/284,9983,18.0,198.95,2608.48
2026-08-25,285,38754.22,3487.88,0.0,17,SAL/285,9983,18.0,3487.88,45729.98
2026-08-16,286,25928.04,2333.53,0.0,16,SAL/286,9983,18.0,2333.53,30595.09
2025-07-23,287,15525.26,1397.28,0.0,21,SAL/287,9983,18.0,1397.28,18319.81
2025-10-07,288,16695.33,1502.58,0.0,3,SAL/288,9983,18.0,1502.58,19700.49
2025-08-19,289,9202.35,828.21,0.0,25,SAL/289,9983,18.0,828.21,10858.77
2026-04-02,290,27127.09,2441.44,0.0,21,SAL/290,9983,18.0,2441.44,32009.97
2025-08-03,291,11328.29,1019.54,0.0,21,SAL/291,9983,18.0,1019.54,13367.38
2026-08-01,292,11445.58,1030.1,0.0,22,SAL/292,9983,18.0,1030.1,13505.78
2026-02-03,293,41947.59,3775.28,0.0,7,SAL/293,9983,18.0,3775.28,49498.16
2026-04-02,294,41608.68,3744.78,0.0,24,SAL/294,9983,18.0,3744.78,49098.24
2026-08-01,295,22326.65,2009.4,0.0,3,SAL/295,9983,18.0,2009.4,26345.45
2026-07-18,296,34616.13,3115.45,0.0,1,SAL/296,9983,18.0,3115.45,40847.03
2026-02-21,297,36126.55,3251.39,0.0,2,SAL/297,9983,18.0,3251.39,42629.33
2025-08-14,298,4589.15,413.02,0.0,6,SAL/298,9983,18.0,413.02,5415.2
2026-08-11,299,13343.49,1200.91,0.0,3,SAL/299,9983,18.0,1200.91,15745.32
2026-04-21,300,41259.35,3713.34,0.0,9,SAL/300,9983,18.0,3713.34,48686.03
2026-01-25,301,20013.6,1801.22,0.0,21,SAL/301,9983,18.0,1801.22,23616.05
2026-01-24,302,22218.23,1999.64,0.0,1,SAL/302,9983,18.0,1999.64,26217.51
2026-01-16,303,33991.64,3059.25,0.0,18,SAL/303,9983,18.0,3059.25,40110.14
2025-07-04,304,32429.71,2918.68,0.0,20,SAL/304,9983,18.0,2918.68,38267.06
2025-08-02,305,38042.07,3423.78,0.0,19,SAL/305,9983,18.0,3423.78,44889.64
2025-07-24,306,35343.22,3180.89,0.0,3,SAL/306,9983,18.0,3180.89,41705.0
2025-12-31,307,46474.34,4182.69,0.0,4,SAL/307,9983,18.0,4182.69,54839.72
2025-11-26,308,39557.7,3560.2,0.0,10,SAL/308,9983,18.0,3560.2,46678.09
2026-05-07,309,5238.76,471.49,0.0,25,SAL/309,9983,18.0,471.49,6181.74
2026-02-10,310,19689.27,1772.04,0.0,22,SAL/310,9983,18.0,1772.04,23233.34
2025-07-16,311,24225.4,2180.28,0.0,18,SAL/311,9983,18.0,2180.28,28585.97
2025-10-21,312,7682.69,691.44,0.0,13,SAL/312,9983,18.0,691.44,9065.57
2026-08-12,313,40076.75,3606.91,0.0,18,SAL/313,9983,18.0,3606.91,47290.56
2025-11-29,314,48046.58,4324.19,0.0,5,SAL/314,9983,18.0,4324.19,56694.96
2025-11-30,315,34187.16,3076.84,0.0,24,SAL/315,9983,18.0,3076.84,40340.85
2026-05-28,316,19283.4,1735.51,0.0,1,SAL/316,9983,18.0,1735.51,22754.41
2026-04-10,317,43863.58,3947.72,0.0,5,SAL/317,9983,18.0,3947.72,51759.02
2025-09-02,318,3046.88,274.22,0.0,19,SAL/318,9983,18.0,274.22,3595.32
2026-05-02,319,20310.0,1827.9,0.0,18,SAL/319,9983,18.0,1827.9,23965.8
2025-08-13,320,15929.87,1433.69,0.0,24,SAL/320,9983,18.0,1433.69,18797.25
2026-07-15,321,45273.77,4074.64,0.0,12,SAL/321,9983,18.0,4074.64,53423.05
2025-10-17,322,21220.07,1909.81,0.0,21,SAL/322,9983,18.0,1909.81,25039.68
2026-09-09,323,26115.08,2350.36,0.0,6,SAL/323,9983,18.0,2350.36,30815.79
2025-10-03,324,11818.61,1063.67,0.0,9,SAL/324,9983,18.0,1063.67,13945.96
2025-10-08,325,6616.5,595.49,0.0,22,SAL/325,9983,18.0,595.49,7807.47
2026-08-14,326,28797.34,2591.76,0.0,2,SAL/326,9983,18.0,2591.76,33980.86
2026-09-09,327,37801.05,3402.09,0.0,18,SAL/327,9983,18.0,3402.09,44605.24
2026-02-22,328,32589.05,2933.01,0.0,3,SAL/328,9983,18.0,2933.01,38455.08
2025-11-26,329,33912.58,3052.13,0.0,9,SAL/329,9983,18.0,3052.13,40016.84
2025-08-20,330,10673.46,960.61,0.0,19,SAL/330,9983,18.0,960.61,12594.68
2026-03-07,331,47625.46,4286.29,0.0,12,SAL/331,9983,18.0,4286.29,56198.04
2025-09-04,332,33893.48,3050.41,0.0,8,SAL/332,9983,18.0,3050.41,39994.31
2025-08-21,333,14971.72,1347.45,0.0,3,SAL/333,9983,18.0,1347.45,17666.63
2026-10-04,334,10481.43,943.33,0.0,16,SAL/334,9983,18.0,943.33,12368.09
2026-02-16,335,17088.96,1538.01,0.0,22,SAL/335,9983,18.0,1538.01,20164.97
2025-12-04,336,34979.45,3148.15,0.0,5,SAL/336,9983,18.0,3148.15,41275.75
2026-04-16,337,28776.23,2589.86,0.0,11,SAL/337,9983,18.0,2589.86,33955.95
2026-02-05,338,9263.34,833.7,0.0,11,SAL/338,9983,18.0,833.7,10930.74
2025-11-04,339,39497.35,3554.76,0.0,23,SAL/339,9983,18.0,3554.76,46606.87
2026-07-14,340,32401.09,2916.1,0.0,9,SAL/340,9983,18.0,2916.1,38233.29
2026-09-04,341,18614.81,1675.34,0.0,22,SAL/341,9983,18.0,1675.34,21965.48
2026-07-11,342,17246.58,1552.19,0.0,16,SAL/342,9983,18.0,1552.19,20350.96
2026-02-22,343,22822.54,2054.03,0.0,25,SAL/343,9983,18.0,2054.03,26930.6
2025-12-04,344,24861.6,2237.55,0.0,4,SAL/344,9983,18.0,2237.55,29336.69
2025-09-28,345,32632.03,2936.89,0.0,3,SAL/345,9983,18.0,2936.89,38505.8
2026-09-04,346,14750.18,1327.52,0.0,5,SAL/346,9983,18.0,1327.52,17405.21
2026-09-30,347,27392.28,2465.3,0.0,9,SAL/347,9983,18.0,2465.3,32322.89
2026-07-11,348,44430.46,3998.74,0.0,3,SAL/348,9983,18.0,3998.74,52427.94
2026-07-08,349,4694.6,422.51,0.0,1,SAL/349,9983,18.0,422.51,5539.63
2026-09-08,350,25851.74,2326.66,0.0,1,SAL/350,9983,18.0,2326.66,30505.05
2026-08-21,351,29512.63,2656.14,0.0,13,SAL/351,9983,18.0,2656.14,34824.9
2026-07-29,352,29911.78,2692.06,0.0,2,SAL/352,9983,18.0,2692.06,35295.9
2026-04-09,353,13770.2,1239.32,0.0,18,SAL/353,9983,18.0,1239.32,16248.84
2026-02-27,354,33041.5,2973.74,0.0,5,SAL/354,9983,18.0,2973.74,38988.97
2026-01-04,355,20232.42,1820.92,0.0,25,SAL/355,9983,18.0,1820.92,23874.26
2026-04-28,356,36928.11,3323.53,0.0,10,SAL/356,9983,18.0,3323.53,43575.17
2025-09-07,357,23770.36,2139.33,0.0,17,SAL/357,9983,18.0,2139.33,28049.02
2025-08-16,358,20442.47,1839.82,0.0,17,SAL/358,9983,18.0,1839.82,24122.11
2025-07-06,359,33471.25,3012.41,0.0,20,SAL/359,9983,18.0,3012.41,39496.07
2026-06-16,360,9126.33,821.37,0.0,17,SAL/360,9983,18.0,821.37,10769.07
2025-09-10,361,22864.8,2057.83,0.0,6,SAL/361,9983,18.0,2057.83,26980.46
2026-04-16,362,47486.88,4273.82,0.0,22,SAL/362,9983,18.0,4273.82,56034.52
2026-09-20,363,48419.04,4357.72,0.0,24,SAL/363,9983,18.0,4357.72,57134.47
2026-07-10,364,24691.67,2222.25,0.0,12,SAL/364,9983,18.0,2222.25,29136.17
2025-07-21,365,11722.14,1054.99,0.0,16,SAL/365,9983,18.0,1054.99,13832.13
2025-10-27,366,4080.2,367.22,0.0,12,SAL/366,9983,18.0,367.22,4814.64
2025-10-28,367,3097.61,278.79,0.0,7,SAL/367,9983,18.0,278.79,3655.18
2026-03-23,368,45478.58,4093.07,0.0,12,SAL/368,9983,18.0,4093.07,53664.72
2026-01-15,369,24014.04,2161.26,0.0,15,SAL/369,9983,18.0,2161.26,28336.57
2026-09-25,370,3275.44,294.79,0.0,21,SAL/370,9983,18.0,294.79,3865.02
2025-12-13,371,6058.03,545.23,0.0,17,SAL/371,9983,18.0,545.23,7148.48
2026-05-21,372,41652.71,3748.74,0.0,24,SAL/372,9983,18.0,3748.74,49150.2
2025-11-12,373,29352.94,2641.76,0.0,19,SAL/373,9983,18.0,2641.76,34636.47
2025-09-28,374,19456.32,1751.07,0.0,13,SAL/374,9983,18.0,1751.07,22958.46
2026-01-04,375,29796.26,2681.66,0.0,3,SAL/375,9983,18.0,2681.66,35159.59
2026-03-22,376,13327.73,1199.49,0.0,8,SAL/376,9983,18.0,1199.49,15726.72
2026-03-22,377,20886.27,1879.77,0.0,12,SAL/377,9983,18.0,1879.77,24645.8
2026-03-07,378,39840.22,3585.62,0.0,20,SAL/378,9983,18.0,3585.62,47011.46
2025-07-04,379,25590.01,2303.1,0.0,5,SAL/379,9983,18.0,2303.1,30196.21
2026-02-11,380,9114.69,820.32,0.0,3,SAL/380,9983,18.0,820.32,10755.33
2026-03-21,381,32530.37,2927.74,0.0,7,SAL/381,9983,18.0,2927.74,38385.84
2025-09-15,382,10158.38,914.25,0.0,12,SAL/382,9983,18.0,914.25,11986.89
2026-05-05,383,36147.83,3253.3,0.0,4,SAL/383,9983,18.0,3253.3,42654.44
2026-06-04,384,12286.97,1105.83,0.0,11,SAL/384,9983,18.0,1105.83,14498.62
2026-07-04,385,6553.6,589.83,0.0,22,SAL/385,9983,18.0,589.83,7733.25
2026-03-03,386,24472.04,2202.49,0.0,19,SAL/386,9983,18.0,2202.49,28877.01
2025-09-21,387,32715.7,2944.41,0.0,14,SAL/387,9983,18.0,2944.41,38604.53
2025-07-12,388,12939.85,1164.59,0.0,5,SAL/388,9983,18.0,1164.59,15269.02
2026-04-20,389,30025.04,2702.26,0.0,5,SAL/389,9983,18.0,2702.26,35429.55
2026-05-19,390,26119.5,2350.76,0.0,19,SAL/390,9983,18.0,2350.76,30821.01
2025-09-14,391,3739.69,336.57,0.0,9,SAL/391,9983,18.0,336.57,4412.83
2025-10-01,392,26315.39,2368.39,0.0,13,SAL/392,9983,18.0,2368.39,31052.16
2026-05-03,393,48492.94,4364.36,0.0,21,SAL/393,9983,18.0,4364.36,57221.67
2025-07-10,394,44046.94,3964.22,0.0,24,SAL/394,9983,18.0,3964.22,51975.39
2026-06-04,395,41243.86,3711.95,0.0,3,SAL/395,9983,18.0,3711.95,48667.75
2025-10-19,396,23010.96,2070.99,0.0,16,SAL/396,9983,18.0,2070.99,27152.93
2026-09-18,397,24601.75,2214.16,0.0,8,SAL/397,9983,18.0,2214.16,29030.06
2026-08-30,398,21127.58,1901.48,0.0,5,SAL/398,9983,18.0,1901.48,24930.54
2026-08-11,399,29549.66,2659.47,0.0,25,SAL/399,9983,18.0,2659.47,34868.6
2025-10-02,400,31537.38,2838.36,0.0,17,SAL/400,9983,18.0,2838.36,37214.11
2025-11-13,401,9218.36,829.65,0.0,22,SAL/401,9983,18.0,829.65,10877.66
2025-12-23,402,46195.25,4157.57,0.0,20,SAL/402,9983,18.0,4157.57,54510.4
2026-04-29,403,4373.3,393.6,0.0,13,SAL/403,9983,18.0,393.6,5160.49
2026-01-14,404,7478.45,673.06,0.0,1,SAL/404,9983,18.0,673.06,8824.57
2025-10-12,405,26612.86,2395.16,0.0,17,SAL/405,9983,18.0,2395.16,31403.17
2026-06-16,406,21569.96,1941.3,0.0,5,SAL/406,9983,18.0,1941.3,25452.55
2026-05-07,407,5718.63,514.67,0.0,16,SAL/407,9983,18.0,514.67,6747.98
2026-10-05,408,31122.66,2801.04,0.0,2,SAL/408,9983,18.0,2801.04,36724.74
2026-09-23,409,39409.54,3546.86,0.0,17,SAL/409,9983,18.0,3546.86,46503.26
2026-07-21,410,6758.3,608.25,0.0,16,SAL/410,9983,18.0,608.25,7974.79
2026-06-03,411,7386.11,664.75,0.0,20,SAL/411,9983,18.0,664.75,8715.61
2026-04-03,412,41548.57,3739.37,0.0,25,SAL/412,9983,18.0,3739.37,49027.31
2026-06-13,413,32812.36,2953.11,0.0,17,SAL/413,9983,18.0,2953.11,38718.58
2026-02-01,414,19148.5,1723.37,0.0,2,SAL/414,9983,18.0,1723.37,22595.23
2026-06-23,415,26961.01,2426.49,0.0,8,SAL/415,9983,18.0,2426.49,31813.99
2026-08-15,416,24624.05,2216.16,0.0,25,SAL/416,9983,18.0,2216.16,29056.38
2026-01-12,417,18175.37,1635.79,0.0,24,SAL/417,9983,18.0,1635.79,21446.94
2026-10-08,418,38315.42,3448.39,0.0,23,SAL/418,9983,18.0,3448.39,45212.2
2026-04-21,419,5788.13,520.93,0.0,5,SAL/419,9983,18.0,520.93,6829.99
2025-11-08,420,24379.92,2194.2,0.0,8,SAL/420,9983,18.0,2194.2,28768.31
