invoice_no_norm,id,hsn,rate_pct,sgst,total,supplier_gstin,invoice_no_raw,invoice_date,taxable_value,cgst,igst,source_file
1,1,9965,5.0,0.0,103913.39,27ZZZZZ9018Z1Z1,INV/1,2026-08-10,98965.13,0.0,4948.26,
2,2,8483,18.0,73309.32,961166.68,07ZZZZZ9016Z1Z1,INV/2,2025-09-26,814548.03,73309.32,0.0,
3,3,9965,5.0,1300.53,54622.05,07ZZZZZ9015Z1Z1,INV/3,2026-05-24,52021.0,1300.53,0.0,
4,4,7318,18.0,0.0,75310.47,09ZZZZZ9021Z1Z1,INV/4,2026-07-19,63822.43,0.0,11488.04,
5,5,8708,18.0,0.0,118045.56,09ZZZZZ9021Z1Z1,INV/5,2026-04-17,100038.61,0.0,18006.95,
6,6,3923,18.0,2272.18,29790.75,07ZZZZZ9010Z1Z1,INV/6,2026-10-12,25246.4,2272.18,0.0,
7,7,9983,18.0,0.0,74237.42,27ZZZZZ9028Z1Z1,INV/7,2026-09-27,62913.07,0.0,11324.35,
8,8,4819,12.0,7791.6,145443.11,07ZZZZZ9006Z1Z1,INV/25-26/8,2025-09-09,129859.92,7791.6,0.0,
9,9,6307,5.0,0.0,63830.82,29ZZZZZ9039Z1Z1,INV/9,2026-08-10,60791.26,0.0,3039.56,
10,10,4819,5.0,0.0,108823.14,09ZZZZZ9036Z1Z1,10,2026-02-25,103641.09,0.0,5182.05,
11,11,6307,5.0,0.0,70935.4,06ZZZZZ9022Z1Z1,INV/25-26/11,2026-10-05,67557.51999999999,0.0,3377.88,
12,12,8536,18.0,0.0,136271.73,06ZZZZZ9017Z1Z1,INV/12,2026-07-05,115484.52,0.0,20787.21,
13,13,9965,5.0,0.0,82541.68,33ZZZZZ9020Z1Z1,BILL-13,2025-08-24,78611.12,0.0,3930.56,
14,14,7326,18.0,704.17,9232.47,07ZZZZZ9001Z1Z1,INV/14,2026-02-05,7824.13,704.17,0.0,
15,15,8708,18.0,0.0,15811.0,33ZZZZZ9020Z1Z1,INV/15,2026-09-23,13399.15,0.0,2411.85,
16,16,8536,18.0,10444.14,136934.27,07ZZZZZ9005Z1Z1,BILL-16,2026-09-15,116045.99,10444.14,0.0,
17,17,7318,18.0,0.0,170902.49,29ZZZZZ9039Z1Z1,INV/17,2026-04-21,144832.62,0.0,26069.87,
18,18,3923,18.0,5656.85,74167.58,07ZZZZZ9013Z1Z1,INV/18,2026-07-22,62853.88,5656.85,0.0,
19,19,4819,12.0,0.0,25251.08,29ZZZZZ9034Z1Z1,INV/19,2025-09-18,22545.61,0.0,2705.47,
20,20,9983,18.0,5123.84,67179.19,07ZZZZZ9015Z1Z1,20,2026-09-23,56931.52,5123.84,0.0,
21,21,6307,5.0,0.0,83530.27,06ZZZZZ9022Z1Z1,INV/21,2026-07-19,79552.64,0.0,3977.63,
22,22,9983,18.0,0.0,86774.01,06ZZZZZ9037Z1Z1,INV/22,2026-07-31,73537.3,0.0,13236.71,
23,23,6307,5.0,2513.81,105580.12,07ZZZZZ9007Z1Z1,INV/23,2026-08-18,100552.5,2513.81,0.0,
24,24,9965,5.0,2493.78,104738.6,07ZZZZZ9004Z1Z1,INV/24,2026-01-27,99751.05,2493.78,0.0,
25,25,6307,12.0,0.0,68381.79,06ZZZZZ9022Z1Z1,BILL-25,2025-08-01,61055.17,0.0,7326.62,
26,26,7326,18.0,0.0,72241.88,27ZZZZZ9018Z1Z1,INV/26,2025-09-10,61221.93,0.0,11019.95,
27,27,6307,5.0,0.0,12952.08,09ZZZZZ9036Z1Z1,INV/27,2026-02-12,12335.31,0.0,616.77,
28,28,8483,18.0,5753.7,75437.45,07ZZZZZ9016Z1Z1,INV/28,2026-07-26,63930.04,5753.7,0.0,
29,29,8483,18.0,5395.6,70742.3,07ZZZZZ9004Z1Z1,INV/29,2026-09-16,59951.1,5395.6,0.0,
30,30,3923,18.0,0.0,78276.59,33ZZZZZ9030Z1Z1,INV/30,2025-11-13,66336.09,0.0,11940.5,
31,31,8483,18.0,0.0,1054641.1,06ZZZZZ9032Z1Z1,INV/31,2026-08-06,893763.64,0.0,160877.46,
32,32,4819,12.0,0.0,127071.24,33ZZZZZ9035Z1Z1,32,2025-07-30,113456.46,0.0,13614.78,
33,33,8483,18.0,0.0,15632.1,29ZZZZZ9034Z1Z1,INV/33,2026-03-02,13247.54,0.0,2384.56,
34,34,9965,5.0,3249.09,136461.97,07ZZZZZ9005Z1Z1,INV/34,2026-09-29,129963.78,3249.09,0.0,
35,35,9983,18.0,0.0,12699.8,27ZZZZZ9038Z1Z1,35,2026-09-29,10762.54,0.0,1937.26,
36,36,3923,18.0,0.0,40848.74,09ZZZZZ9021Z1Z1,INV/36,2026-04-25,34617.58,0.0,6231.16,
37,37,7326,18.0,0.0,59997.91,33ZZZZZ9020Z1Z1,INV/37,2026-07-31,50845.69,0.0,9152.22,
38,38,6307,5.0,0.0,16403.94,06ZZZZZ9037Z1Z1,INV/38,2026-10-02,15622.8,0.0,781.14,
39,39,8708,18.0,5272.33,69126.09,07ZZZZZ9005Z1Z1,39,2026-08-28,58581.43,5272.33,0.0,
40,40,4819,5.0,2546.005,106932.17,29ZZZZZ9034Z1Z1,INV/40,2026-10-06,101840.16,2546.005,0.0,
41,41,6307,5.0,0.0,140708.76,06ZZZZZ9017Z1Z1,INV/41,2026-08-01,134008.34,0.0,6700.42,
42,42,3926,18.0,3106.95,40735.5,07ZZZZZ9014Z1Z1,INV/42,2026-09-30,34521.61,3106.95,0.0,
43,43,4819,5.0,0.0,19302.44,06ZZZZZ9017Z1Z1,INV/43,2025-11-13,18383.28,0.0,919.16,
44,44,9965,5.0,3676.76,154424.23,07ZZZZZ9009Z1Z1,BILL-44,2026-08-26,147070.7,3676.76,0.0,
45,45,4819,5.0,0.0,22282.8,09ZZZZZ9036Z1Z1,INV/45,2026-04-09,21221.71,0.0,1061.09,
46,46,4819,5.0,0.0,132317.09,33ZZZZZ9035Z1Z1,INV/46,2026-06-19,126016.28,0.0,6300.81,
47,47,3923,18.0,5208.7,68291.87,07ZZZZZ9003Z1Z1,INV/47,2025-09-14,57874.47,5208.7,0.0,
48,48,9965,5.0,1529.55,64240.9,07ZZZZZ9014Z1Z1,48,2026-08-29,61181.81,1529.55,0.0,
49,49,8483,18.0,0.0,164298.19,33ZZZZZ9040Z1Z1,INV/49,2026-09-26,139235.75,0.0,25062.44,
50,50,7318,18.0,773.46,10140.94,07ZZZZZ9012Z1Z1,INV/50,2025-09-22,8594.02,773.46,0.0,
51,51,9965,5.0,0.0,136803.74,06ZZZZZ9027Z1Z1,INV/51,2025-12-18,130289.28,0.0,6514.46,
52,52,7318,18.0,11831.77,155127.73,07ZZZZZ9007Z1Z1,INV/52,2026-10-12,131464.18,11831.77,0.0,
53,53,3923,18.0,0.0,146293.78,27ZZZZZ9023Z1Z1,INV/53,2026-09-11,123977.78,0.0,22316.0,
54,54,3926,18.0,0.0,77168.98,09ZZZZZ9026Z1Z1,BILL-54,2026-08-08,65397.44,0.0,11771.54,
55,55,9965,5.0,0.0,154630.04,09ZZZZZ9026Z1Z1,INV/55,2025-12-27,147266.7,0.0,7363.34,
56,56,9983,18.0,13011.08,170589.63,07ZZZZZ9012Z1Z1,INV/56,2026-08-17,144567.48,13011.08,0.0,
57,57,3926,18.0,0.0,80566.99,27ZZZZZ9023Z1Z1,INV/57,2025-08-25,68277.11,0.0,12289.88,
58,58,3923,18.0,1029.24,13494.54,07ZZZZZ9013Z1Z1,INV/58,2026-09-26,11436.05,1029.24,0.0,
59,59,9965,5.0,0.0,114783.22,33ZZZZZ9035Z1Z1,INV/59,2026-03-24,109317.35,0.0,5465.87,
60,60,9965,5.0,3462.8,145437.36,07ZZZZZ9005Z1Z1,INV/60,2026-09-08,138511.77,3462.8,0.0,
61,61,8536,18.0,0.0,82418.61,33ZZZZZ9020Z1Z1,INV/61,2026-06-05,69846.28,0.0,12572.33,
62,62,8483,18.0,0.0,38723.84,09ZZZZZ9036Z1Z1,INV/62,2026-01-23,32816.81,0.0,5907.03,
63,63,9983,18.0,7876.82,103273.91,07ZZZZZ9012Z1Z1,INV/63,2026-01-11,87520.26,7876.82,0.0,
64,64,7318,18.0,10704.16,140343.34,07ZZZZZ9014Z1Z1,INV/64,2026-08-20,118935.03,10704.16,0.0,
65,65,9965,5.0,0.0,58786.04,29ZZZZZ9029Z1Z1,INV/65,2025-12-12,55986.7,0.0,2799.34,
66,66,9965,5.0,432.38,18160.12,07ZZZZZ9011Z1Z1,INV/66,2026-10-05,17295.35,432.38,0.0,
67,67,8708,18.0,9229.99,121015.34,07ZZZZZ9006Z1Z1,INV/67,2026-05-21,102555.37,9229.99,0.0,
68,68,7326,18.0,8427.12,110488.98,07ZZZZZ9016Z1Z1,INV/68,2026-07-20,93634.73,8427.12,0.0,
69,69,8708,18.0,0.0,128808.99,06ZZZZZ9037Z1Z1,INV/69,2026-02-19,109160.16,0.0,19648.83,
70,70,7318,18.0,5105.88,66943.71,07ZZZZZ9001Z1Z1,INV/70,2025-07-28,56731.96,5105.88,0.0,
71,71,8536,18.0,5502.04,72137.83,07ZZZZZ9004Z1Z1,INV/71,2026-08-30,61133.75,5502.04,0.0,
72,72,8536,18.0,0.0,107781.9,29ZZZZZ9034Z1Z1,INV/72,2026-09-12,91340.59,0.0,16441.31,
73,73,7318,18.0,0.0,148010.39,27ZZZZZ9033Z1Z1,INV/73,2026-09-30,125432.53,0.0,22577.86,
74,74,3923,18.0,0.0,134529.0,29ZZZZZ9029Z1Z1,INV/74,2026-09-13,114007.63,0.0,20521.37,
75,75,7326,18.0,0.0,113136.65,29ZZZZZ9034Z1Z1,INV/75,2025-11-19,95878.52,0.0,17258.13,
76,76,3923,18.0,4832.81,63363.51,07ZZZZZ9016Z1Z1,INV/76,2025-08-09,53697.89,4832.81,0.0,
77,77,8483,18.0,0.0,126768.32,33ZZZZZ9025Z1Z1,BILL-77,2026-08-13,107430.78,0.0,19337.54,
78,78,4819,5.0,0.0,36740.54,06ZZZZZ9027Z1Z1,INV/78,2025-12-17,34990.99,0.0,1749.55,
79,79,9983,18.0,5413.97,70983.19,07ZZZZZ9002Z1Z1,BILL-79,2026-01-12,60155.25,5413.97,0.0,
80,80,8536,18.0,0.0,133799.93,06ZZZZZ9027Z1Z1,INV/80,2025-11-30,113389.77,0.0,20410.16,
81,81,8708,18.0,0.0,76199.23,06ZZZZZ9032Z1Z1,INV/81,2026-05-05,64575.62,0.0,11623.61,
82,82,8483,18.0,0.0,149710.52,09ZZZZZ9026Z1Z1,INV/82,2026-10-09,126873.32,0.0,22837.2,
83,83,9983,18.0,0.0,1089829.83,09ZZZZZ9026Z1Z1,83,2026-05-15,923584.6,0.0,166245.23,
84,84,4819,5.0,1568.07,65858.8,07ZZZZZ9012Z1Z1,INV/84,2026-09-12,62722.67,1568.07,0.0,
85,85,7318,18.0,0.0,72663.66,27ZZZZZ9018Z1Z1,INV/25-26/85,2026-09-01,61579.37,0.0,11084.29,
86,86,8708,18.0,0.0,117139.65,27ZZZZZ9023Z1Z1,INV/86,2026-07-19,99270.89,0.0,17868.76,
87,87,8708,18.0,11401.93,149492.05,07ZZZZZ9016Z1Z1,INV/87,2026-07-18,126688.18,11401.93,0.0,
88,88,9983,18.0,12818.23,168061.23,07ZZZZZ9008Z1Z1,INV/88,2026-08-30,142424.77,12818.23,0.0,
89,89,9983,18.0,8374.58,109800.05,07ZZZZZ9011Z1Z1,INV/89,2025-11-09,93050.89,8374.58,0.0,
90,90,3923,18.0,1860.69,24395.7,07ZZZZZ9011Z1Z1,BILL-90,2025-08-28,20674.32,1860.69,0.0,
91,91,7318,18.0,0.0,166985.62,33ZZZZZ9025Z1Z1,91,2026-04-21,141513.24,0.0,25472.38,
92,92,6307,5.0,2652.32,111397.64,07ZZZZZ9016Z1Z1,INV/92,2026-06-19,106092.99,2652.32,0.0,
93,93,9983,18.0,10663.39,139808.91,07ZZZZZ9008Z1Z1,INV/93,2026-06-16,118482.13,10663.39,0.0,
94,94,8536,18.0,8900.44,116694.65,07ZZZZZ9005Z1Z1,BILL-94,2026-02-05,98893.77,8900.44,0.0,
95,95,3926,18.0,0.0,114648.61,27ZZZZZ9028Z1Z1,INV/95,2026-08-26,97159.84,0.0,17488.77,
96,96,9965,5.0,0.0,67370.05,29ZZZZZ9034Z1Z1,INV/96,2026-08-06,64161.95,0.0,3208.1,
97,97,7318,18.0,0.0,147183.19,33ZZZZZ9030Z1Z1,INV/97,2026-04-02,124731.52,0.0,22451.67,
98,98,3923,18.0,11955.28,156747.09,07ZZZZZ9006Z1Z1,INV/98,2025-12-13,132836.52,11955.28,0.0,
99,99,3926,18.0,0.0,10810.57,33ZZZZZ9025Z1Z1,INV/99,2026-02-23,9161.5,0.0,1649.07,
100,100,3923,18.0,0.0,64131.97,27ZZZZZ9023Z1Z1,INV/100,2025-10-02,54349.13,0.0,9782.84,
101,101,4819,5.0,0.0,83906.5,09ZZZZZ9036Z1Z1,INV/25-26/101,2026-06-25,79910.95,0.0,3995.55,
102,102,8708,18.0,0.0,124063.25,09ZZZZZ9036Z1Z1,INV/102,2026-07-04,105138.35,0.0,18924.9,
103,103,6307,12.0,3427.89,63987.26,07ZZZZZ9002Z1Z1,INV/103,2025-09-17,57131.48,3427.89,0.0,
104,104,7326,18.0,0.0,100599.22,29ZZZZZ9024Z1Z1,INV/104,2025-12-04,85253.58,0.0,15345.64,
105,105,7326,18.0,0.0,75853.8,27ZZZZZ9023Z1Z1,INV/105,2026-07-17,64282.88,0.0,11570.92,
106,106,6307,12.0,0.0,126243.88,09ZZZZZ9021Z1Z1,INV/106,2025-08-31,112717.75,0.0,13526.13,
107,107,3923,18.0,0.0,129876.5,09ZZZZZ9031Z1Z1,INV/107,2026-08-11,110064.83,0.0,19811.67,
108,108,8708,18.0,6116.02,80187.77,07ZZZZZ9007Z1Z1,INV/108,2026-03-26,67955.73999999999,6116.02,0.0,
109,109,3923,18.0,1043.98,13687.74,07ZZZZZ9009Z1Z1,BILL-109,2026-09-21,11599.78,1043.98,0.0,
110,110,6307,5.0,0.0,138121.58,06ZZZZZ9032Z1Z1,INV/110,2026-06-23,131544.36,0.0,6577.22,
111,111,8483,18.0,0.0,171096.65,06ZZZZZ9022Z1Z1,INV/111,2026-02-26,144997.16,0.0,26099.49,
112,112,7318,18.0,6867.29,90037.83,07ZZZZZ9005Z1Z1,INV/112,2026-09-15,76303.25,6867.29,0.0,
113,113,3923,18.0,0.0,20474.45,06ZZZZZ9037Z1Z1,INV/113,2026-08-03,17351.23,0.0,3123.22,
114,114,9983,18.0,0.0,141195.76,29ZZZZZ9039Z1Z1,INV/114,2026-04-12,119657.42,0.0,21538.34,
115,115,9983,18.0,0.0,175294.35,33ZZZZZ9020Z1Z1,INV/115,2026-09-09,148554.53,0.0,26739.82,
116,116,9965,5.0,1389.96,58378.58,07ZZZZZ9014Z1Z1,INV/116,2026-07-27,55598.65,1389.96,0.0,
117,117,8483,18.0,484.92,6357.82,07ZZZZZ9005Z1Z1,INV/117,2026-09-23,5387.98,484.92,0.0,
118,118,8708,18.0,6009.77,78794.75,07ZZZZZ9003Z1Z1,INV/118,2026-05-01,66775.20999999999,6009.77,0.0,
119,119,3923,18.0,0.0,140697.37,07ZZZZZ9015Z1Z1,INV/119,2026-09-14,119235.06,0.0,21462.31,
120,120,7318,18.0,1947.83,25538.22,07ZZZZZ9013Z1Z1,INV/120,2026-06-04,21642.56,1947.83,0.0,
121,121,6307,12.0,818.85,15285.22,07ZZZZZ9010Z1Z1,INV/121,2025-09-15,13647.52,818.85,0.0,
122,122,3923,18.0,0.0,81039.16,06ZZZZZ9037Z1Z1,INV/122,2026-05-01,68677.25,0.0,12361.91,
123,123,8536,18.0,0.0,98290.85,27ZZZZZ9018Z1Z1,INV/123,2025-12-03,83297.33,0.0,14993.52,
124,124,9983,18.0,0.0,72337.95,09ZZZZZ9021Z1Z1,124,2026-09-08,61303.35,0.0,11034.6,
125,125,4819,12.0,0.0,167930.56,27ZZZZZ9038Z1Z1,INV/125,2025-09-17,149938.0,0.0,17992.56,
126,126,7326,0.0,7222.48,94694.72,07ZZZZZ9012Z1Z1,INV/126,2025-11-15,80249.76,7222.48,0.0,
127,127,9965,5.0,0.0,129218.8,27ZZZZZ9028Z1Z1,INV/127,2026-09-27,123065.52,0.0,6153.28,
128,128,9965,5.0,0.0,21175.33,09ZZZZZ9021Z1Z1,BILL-128,2026-08-26,20166.98,0.0,1008.35,
129,129,8536,18.0,0.0,12178.87,09ZZZZZ9026Z1Z1,BILL-129,2026-06-21,10321.08,0.0,1857.79,
130,130,4819,5.0,0.0,105378.8,27ZZZZZ9033Z1Z1,INV/130,2026-09-04,100360.76,0.0,5018.04,
131,131,9983,18.0,0.0,135327.43,29ZZZZZ9024Z1Z1,INV/131,2026-09-19,114684.26,0.0,20643.17,
132,132,8483,18.0,0.0,164624.81,09ZZZZZ9036Z1Z1,INV/132,2026-08-18,139512.55,0.0,25112.26,
133,133,9983,18.0,10881.05,142662.58,07ZZZZZ9002Z1Z1,INV/133,2025-12-09,120900.49,10881.05,0.0,
134,134,7318,18.0,0.0,21848.09,09ZZZZZ9036Z1Z1,INV/134,2025-12-07,18515.33,0.0,3332.76,
135,135,7326,18.0,12621.12,165476.93,07ZZZZZ9010Z1Z1,INV/135,2026-07-30,140234.69,12621.12,0.0,
136,136,8708,18.0,0.0,84056.17,09ZZZZZ9031Z1Z1,INV/25-26/136,2026-09-14,71234.04,0.0,12822.13,
137,137,6307,5.0,1626.39,68308.66,07ZZZZZ9009Z1Z1,INV/137,2026-10-15,65055.87,1626.39,0.0,
138,138,4819,5.0,0.0,69312.23,27ZZZZZ9018Z1Z1,INV/138,2026-09-17,66011.65,0.0,3300.58,
139,139,8483,18.0,0.0,82304.26,06ZZZZZ9032Z1Z1,INV/139,2026-04-27,69749.37,0.0,12554.89,
140,140,7318,18.0,6392.245,83809.46,33ZZZZZ9035Z1Z1,INV/140,2025-12-18,71024.97,6392.245,0.0,
141,141,9983,18.0,5447.77,71426.31,07ZZZZZ9016Z1Z1,INV/141,2025-10-05,60530.77,5447.77,0.0,
142,142,7318,18.0,0.0,175017.64,33ZZZZZ9025Z1Z1,INV/142,2026-09-13,148320.03,0.0,26697.61,
143,143,4819,5.0,0.0,24471.0,06ZZZZZ9032Z1Z1,INV/143,2026-05-30,23305.71,0.0,1165.29,
144,144,6307,5.0,0.0,85326.06,29ZZZZZ9029Z1Z1,INV/144,2025-12-17,81262.91,0.0,4063.15,
145,145,6307,5.0,1826.9,76729.95,07ZZZZZ9010Z1Z1,INV/145,2026-10-06,73076.14,1826.9,0.0,
146,146,9965,5.0,0.0,17478.01,09ZZZZZ9026Z1Z1,INV/146,2025-12-21,16645.72,0.0,832.29,
147,147,3926,18.0,0.0,113145.34,33ZZZZZ9025Z1Z1,INV/147,2026-08-30,95885.88,0.0,17259.46,
148,148,9983,18.0,1342.89,17606.79,07ZZZZZ9003Z1Z1,INV/148,2026-03-07,14921.01,1342.89,0.0,
149,149,7318,18.0,13217.31,173293.58,07ZZZZZ9006Z1Z1,INV/149,2026-08-13,146858.97,13217.31,0.0,
150,150,8483,18.0,0.0,124643.6,29ZZZZZ9029Z1Z1,INV/150,2026-06-26,105630.17,0.0,19013.43,
151,151,3926,18.0,0.0,70035.31,29ZZZZZ9019Z1Z1,151,2026-07-22,59351.96,0.0,10683.35,
152,152,8483,18.0,2734.66,35854.37,07ZZZZZ9012Z1Z1,INV/152,2026-01-27,30385.06,2734.66,0.0,
153,153,7326,18.0,12362.42,162085.05,07ZZZZZ9016Z1Z1,BILL-153,2026-01-12,137360.21,12362.42,0.0,
154,154,3923,18.0,9292.82,121839.22,07ZZZZZ9001Z1Z1,BILL-154,2025-12-31,103253.58,9292.82,0.0,
155,155,9965,5.0,0.0,151718.93,33ZZZZZ9020Z1Z1,INV/155,2025-12-24,144494.22,0.0,7224.71,
156,156,7318,18.0,11586.03,151905.7,07ZZZZZ9013Z1Z1,BILL-156,2026-02-19,128733.64,11586.03,0.0,
157,157,4819,5.0,0.0,154142.05,29ZZZZZ9019Z1Z1,INV/157,2026-08-21,146801.95,0.0,7340.1,
158,158,9983,18.0,10174.5,133398.95,07ZZZZZ9004Z1Z1,INV/158,2026-10-10,113049.96,10174.5,0.0,
159,159,3926,18.0,0.0,66971.68,29ZZZZZ9039Z1Z1,BILL-159,2026-08-13,56755.66,0.0,10216.02,
160,160,9965,5.0,477.22,20043.21,07ZZZZZ9009Z1Z1,INV/160,2026-06-13,19088.77,477.22,0.0,
161,161,9983,18.0,5211.44,68327.76,07ZZZZZ9003Z1Z1,BILL-161,2026-09-09,57904.88,5211.44,0.0,
162,162,8708,18.0,2174.68,28512.54,07ZZZZZ9012Z1Z1,INV/162,2025-12-15,24163.17,2174.68,0.0,
163,163,8483,18.0,0.0,73467.58,27ZZZZZ9018Z1Z1,INV/163,2026-01-04,62260.66,0.0,11206.92,
164,164,3926,18.0,0.0,143504.19,29ZZZZZ9019Z1Z1,INV/164,2026-03-04,121613.72,0.0,21890.47,
165,165,8536,18.0,0.0,68484.11,09ZZZZZ9026Z1Z1,INV/165,2026-08-12,58037.38,0.0,10446.73,
166,166,3926,18.0,0.0,121020.94,33ZZZZZ9030Z1Z1,INV/166,2026-07-30,102560.12,0.0,18460.82,
167,167,6307,5.0,0.0,107993.86,29ZZZZZ9024Z1Z1,INV/167,2026-10-04,102851.3,0.0,5142.56,
168,168,3926,18.0,0.0,162500.29,09ZZZZZ9036Z1Z1,INV/168,2026-05-14,137712.11,0.0,24788.18,
169,169,3923,18.0,0.0,116984.87,33ZZZZZ9030Z1Z1,INV/25-26/169,2025-08-02,99139.72,0.0,17845.15,
170,170,6307,5.0,1476.15,61998.3,07ZZZZZ9008Z1Z1,INV/170,2026-09-16,59046.0,1476.15,0.0,
171,171,7318,18.0,0.0,106393.93,33ZZZZZ9035Z1Z1,INV/171,2026-01-15,90164.35,0.0,16229.58,
172,172,7326,18.0,8484.26,111238.09,07ZZZZZ9007Z1Z1,INV/172,2026-09-27,94269.57,8484.26,0.0,
173,173,7326,18.0,6253.28,81987.46,07ZZZZZ9014Z1Z1,INV/173,2026-08-31,69480.9,6253.28,0.0,
174,174,8536,18.0,0.0,160180.22,29ZZZZZ9024Z1Z1,INV/174,2026-10-10,135745.95,0.0,24434.27,
175,175,7326,18.0,1646.34,21585.33,07ZZZZZ9008Z1Z1,INV/175,2026-08-08,18292.65,1646.34,0.0,
176,176,8483,28.0,8444.45,77206.39,07ZZZZZ9002Z1Z1,176,2025-09-17,60317.49,8444.45,0.0,
177,177,9983,18.0,5068.16,66449.28,07ZZZZZ9014Z1Z1,INV/177,2026-09-23,56312.95,5068.16,0.0,
178,178,4819,5.0,0.0,68465.09,29ZZZZZ9039Z1Z1,INV/178,2025-12-16,65204.85,0.0,3260.24,
179,179,6307,12.0,6051.2,112955.76,07ZZZZZ9012Z1Z1,INV/25-26/179,2025-09-05,100853.36,6051.2,0.0,
180,180,9983,18.0,4675.22,61297.29,07ZZZZZ9016Z1Z1,INV/25-26/180,2025-12-31,51946.86,4675.22,0.0,
181,181,6307,12.0,0.0,126696.04,29ZZZZZ9034Z1Z1,INV/181,2025-09-03,113121.46,0.0,13574.58,
182,182,7326,18.0,7025.1,92106.8,07ZZZZZ9007Z1Z1,INV/182,2026-09-28,78056.61,7025.1,0.0,
183,183,3923,18.0,0.0,84271.08,29ZZZZZ9034Z1Z1,INV/183,2025-07-23,71416.17,0.0,12854.91,
184,184,7318,18.0,0.0,123291.29,09ZZZZZ9026Z1Z1,INV/184,2025-08-01,104484.14,0.0,18807.15,
185,185,3926,18.0,8388.28,109979.69,07ZZZZZ9006Z1Z1,BILL-185,2026-10-09,93203.13,8388.28,0.0,
186,186,3926,18.0,0.0,71072.75,09ZZZZZ9036Z1Z1,INV/186,2026-05-16,60231.14,0.0,10841.61,
187,187,7318,18.0,0.0,22869.44,29ZZZZZ9039Z1Z1,INV/187,2025-11-28,19380.88,0.0,3488.56,
188,188,8708,18.0,0.0,79484.97,09ZZZZZ9036Z1Z1,INV/188,2026-09-10,67360.14,0.0,12124.83,
189,189,7318,18.0,0.0,130736.7,09ZZZZZ9026Z1Z1,INV/189,2026-09-11,110793.81,0.0,19942.89,
190,190,8483,18.0,0.0,123415.08,29ZZZZZ9024Z1Z1,INV/190,2025-12-08,104589.05,0.0,18826.03,
191,191,7318,18.0,1710.16,22422.17,07ZZZZZ9006Z1Z1,INV/191,2025-08-16,19001.84,1710.16,0.0,
192,192,8536,18.0,0.0,102004.03,27ZZZZZ9038Z1Z1,INV/192,2026-07-22,86444.09,0.0,15559.94,
193,193,4819,5.0,0.0,152688.69,27ZZZZZ9028Z1Z1,INV/193,2026-10-08,145417.8,0.0,7270.89,
194,194,8483,18.0,78484.43,1029018.13,07ZZZZZ9014Z1Z1,INV/194,2026-09-17,872049.26,78484.43,0.0,
195,195,6307,5.0,0.0,121356.71,29ZZZZZ9024Z1Z1,INV/195,2026-09-24,115577.82,0.0,5778.89,
196,196,8708,28.0,0.0,110882.39,09ZZZZZ9036Z1Z1,INV/196,2026-07-10,93968.13,0.0,16914.26,
197,197,4819,12.0,0.0,34899.57,27ZZZZZ9018Z1Z1,INV/197,2025-07-14,31160.33,0.0,3739.24,
198,198,4819,5.0,0.0,32869.0,27ZZZZZ9023Z1Z1,198,2025-12-06,31303.81,0.0,1565.19,
199,199,8536,18.0,5057.48,66309.24,07ZZZZZ9002Z1Z1,INV/199,2026-05-15,56194.27,5057.48,0.0,
200,200,9983,18.0,0.0,107913.89,09ZZZZZ9021Z1Z1,INV/200,2026-08-23,91452.45,0.0,16461.44,
201,201,9965,5.0,420.74,17670.79,07ZZZZZ9004Z1Z1,INV/201,2026-10-02,16829.32,420.74,0.0,
202,202,7318,18.0,0.0,76238.84,29ZZZZZ9029Z1Z1,INV/202,2026-02-03,64609.19,0.0,11629.65,
203,203,9965,5.0,0.0,108549.54,29ZZZZZ9019Z1Z1,INV/203,2026-07-29,103380.51,0.0,5169.03,
204,204,9983,18.0,0.0,15273.19,09ZZZZZ9026Z1Z1,INV/204,2026-08-12,12943.38,0.0,2329.81,
205,205,3923,18.0,0.0,62041.73,06ZZZZZ9017Z1Z1,205,2025-10-17,52577.74,0.0,9463.99,
206,206,8708,18.0,0.0,91494.89,33ZZZZZ9035Z1Z1,INV/206,2026-09-01,77538.04,0.0,13956.85,
207,207,7318,18.0,694.58,9106.67,07ZZZZZ9003Z1Z1,INV/207,2026-09-03,7717.52,694.58,0.0,
208,208,7318,18.0,0.0,127295.27,06ZZZZZ9037Z1Z1,INV/208,2026-09-07,107877.35,0.0,19417.92,
209,209,8483,28.0,0.0,155125.39,09ZZZZZ9021Z1Z1,INV/209,2025-08-28,121191.71,0.0,33933.68,
210,210,6307,5.0,0.0,71739.37,29ZZZZZ9024Z1Z1,BILL-210,2026-08-30,68323.21,0.0,3416.16,
211,211,7318,18.0,11810.34,154846.73,07ZZZZZ9006Z1Z1,INV/211,2026-04-28,131226.04,11810.34,0.0,
212,212,8536,18.0,8713.58,114244.74,07ZZZZZ9005Z1Z1,INV/212,2026-08-05,96817.58,8713.58,0.0,
213,213,3926,18.0,0.0,130354.56,27ZZZZZ9023Z1Z1,INV/213,2025-10-08,110469.97,0.0,19884.59,
214,214,3923,18.0,3024.39,39653.2,07ZZZZZ9010Z1Z1,INV/214,2026-07-28,33604.41,3024.39,0.0,
215,215,8483,18.0,12864.36,168666.08,07ZZZZZ9005Z1Z1,INV/215,2026-07-25,142937.36,12864.36,0.0,
216,216,7326,18.0,0.0,122441.93,27ZZZZZ9038Z1Z1,INV/216,2026-02-23,103764.35,0.0,18677.58,
217,217,3926,18.0,0.0,153772.64,33ZZZZZ9040Z1Z1,INV/217,2026-05-26,130315.8,0.0,23456.84,
218,218,7326,18.0,0.0,113929.99,09ZZZZZ9031Z1Z1,INV/218,2025-09-16,96550.84,0.0,17379.15,
219,219,3923,18.0,6475.74,84904.14,07ZZZZZ9005Z1Z1,BILL-219,2026-09-17,71952.66,6475.74,0.0,
220,220,9983,18.0,8202.74,107547.05,07ZZZZZ9006Z1Z1,INV/220,2026-10-05,91141.57,8202.74,0.0,
221,221,7326,18.0,12313.1,161438.44,07ZZZZZ9003Z1Z1,INV/221,2026-04-24,136812.24,12313.1,0.0,
222,222,8483,18.0,0.0,169766.29,27ZZZZZ9033Z1Z1,INV/222,2026-09-13,143869.74,0.0,25896.55,
223,223,6307,5.0,0.0,82067.59,06ZZZZZ9022Z1Z1,INV/25-26/223,2026-08-20,78159.61,0.0,3907.98,
224,224,8536,18.0,0.0,95342.19,29ZZZZZ9029Z1Z1,BILL-224,2026-06-28,80798.47,0.0,14543.72,
225,225,9965,5.0,0.0,96278.12,06ZZZZZ9022Z1Z1,INV/225,2026-09-05,91693.45,0.0,4584.67,
226,226,8536,18.0,9302.85,121970.71,07ZZZZZ9007Z1Z1,INV/226,2026-08-26,103365.01,9302.85,0.0,
227,227,8483,18.0,0.0,62938.25,29ZZZZZ9039Z1Z1,INV/227,2026-07-06,53337.5,0.0,9600.75,
228,228,9965,5.0,0.0,111593.57,33ZZZZZ9020Z1Z1,INV/228,2025-09-11,106279.59,0.0,5313.98,
229,229,3923,18.0,74793.87,980630.68,07ZZZZZ9006Z1Z1,INV/229,2026-05-01,831042.95,74793.87,0.0,
230,230,6307,5.0,0.0,103607.28,29ZZZZZ9034Z1Z1,INV/230,2025-12-16,98673.6,0.0,4933.68,
231,231,8708,18.0,4909.6,64370.4,07ZZZZZ9012Z1Z1,INV/231,2026-08-23,54551.19,4909.6,0.0,
232,232,6307,5.0,1697.24,71284.34,07ZZZZZ9010Z1Z1,INV/232,2026-08-01,67889.85,1697.24,0.0,
233,233,4819,5.0,0.0,106028.73,29ZZZZZ9034Z1Z1,INV/233,2026-03-17,100979.74,0.0,5048.99,
234,234,8483,18.0,2810.04,36842.75,07ZZZZZ9010Z1Z1,INV/234,2026-09-01,31222.67,2810.04,0.0,
235,235,7326,18.0,1020.18,13375.77,07ZZZZZ9011Z1Z1,INV/235,2026-05-16,11335.4,1020.18,0.0,
236,236,3923,18.0,0.0,134634.13,33ZZZZZ9040Z1Z1,INV/236,2026-04-23,114096.72,0.0,20537.41,
237,237,7326,18.0,0.0,160570.01,33ZZZZZ9020Z1Z1,237,2025-10-28,136076.28,0.0,24493.73,
238,238,3923,18.0,0.0,139037.03,33ZZZZZ9030Z1Z1,INV/238,2026-04-19,117827.99,0.0,21209.04,
239,239,9983,18.0,2256.1,29579.99,07ZZZZZ9013Z1Z1,INV/239,2026-01-31,25067.79,2256.1,0.0,
240,240,8536,18.0,0.0,165757.63,29ZZZZZ9024Z1Z1,INV/240,2026-05-25,140472.57,0.0,25285.06,
241,241,6307,5.0,0.0,121434.54,29ZZZZZ9019Z1Z1,INV/241,2026-03-22,115651.94,0.0,5782.6,
242,242,6307,5.0,0.0,149341.42,27ZZZZZ9028Z1Z1,INV/242,2026-10-07,142229.92,0.0,7111.5,
243,243,4819,5.0,1562.14,65610.11,07ZZZZZ9002Z1Z1,INV/243,2025-10-15,62485.82,1562.14,0.0,
244,244,8708,18.0,0.0,10722.88,29ZZZZZ9024Z1Z1,INV/244,2026-01-14,9087.19,0.0,1635.69,
245,245,8483,18.0,0.0,29443.29,06ZZZZZ9022Z1Z1,INV/245,2026-09-03,24951.94,0.0,4491.35,
246,246,7326,18.0,6304.25,82655.71,07ZZZZZ9009Z1Z1,INV/25-26/246,2026-08-29,70047.21,6304.25,0.0,
247,247,9983,18.0,0.0,96201.71,09ZZZZZ9036Z1Z1,BILL-247,2026-08-03,81526.87,0.0,14674.84,
248,248,7318,18.0,8788.32,115224.64,07ZZZZZ9016Z1Z1,INV/248,2026-07-21,97648.0,8788.32,0.0,
249,249,8536,18.0,0.0,8712.09,29ZZZZZ9039Z1Z1,INV/249,2026-09-16,7383.13,0.0,1328.96,
250,250,7318,18.0,0.0,6167.66,29ZZZZZ9019Z1Z1,INV/250,2025-11-01,5226.83,0.0,940.83,
251,251,8536,18.0,13169.24,172663.38,07ZZZZZ9006Z1Z1,251,2026-04-19,146324.9,13169.24,0.0,
252,252,8536,18.0,0.0,9379.19,27ZZZZZ9033Z1Z1,INV/252,2026-04-05,7948.47,0.0,1430.72,
253,253,3923,18.0,0.0,133765.87,29ZZZZZ9024Z1Z1,INV/253,2025-07-23,113360.91,0.0,20404.96,
254,254,9983,18.0,10044.19,131690.49,07ZZZZZ9007Z1Z1,INV/254,2026-10-07,111602.11,10044.19,0.0,
255,255,9965,5.0,1809.26,75988.84,07ZZZZZ9012Z1Z1,INV/255,2026-08-27,72370.32,1809.26,0.0,
256,256,7326,18.0,932.64,12227.93,07ZZZZZ9005Z1Z1,INV/256,2026-08-01,10362.65,932.64,0.0,
257,257,3923,18.0,0.0,94082.13,09ZZZZZ9021Z1Z1,INV/257,2026-07-20,79730.62,0.0,14351.51,
258,258,9965,5.0,817.75,34345.5,07ZZZZZ9003Z1Z1,INV/258,2026-04-05,32710.0,817.75,0.0,
259,259,3923,18.0,0.0,27197.68,06ZZZZZ9022Z1Z1,INV/259,2026-10-06,23048.88,0.0,4148.8,
260,260,7318,18.0,0.0,63909.17,29ZZZZZ9029Z1Z1,260,2026-09-29,54160.31,0.0,9748.86,
261,261,6307,5.0,0.0,115948.13,27ZZZZZ9018Z1Z1,261,2026-09-19,110426.79,0.0,5521.34,
262,262,6307,5.0,0.0,17440.49,09ZZZZZ9021Z1Z1,INV/262,2026-08-21,16609.99,0.0,830.5,
263,263,8483,18.0,0.0,959510.21,27ZZZZZ9028Z1Z1,INV/263,2025-12-04,813144.25,0.0,146365.96,
264,264,9983,18.0,0.0,176683.57,27ZZZZZ9023Z1Z1,INV/264,2025-07-22,149731.84,0.0,26951.73,
265,265,9965,5.0,2435.99,102311.29,07ZZZZZ9005Z1Z1,INV/265,2026-05-03,97439.32,2435.99,0.0,
266,266,4819,5.0,642.58,26988.17,07ZZZZZ9011Z1Z1,INV/266,2026-08-15,25703.02,642.58,0.0,
267,267,6307,5.0,1480.48,62180.3,07ZZZZZ9009Z1Z1,INV/267,2026-08-05,59219.33,1480.48,0.0,
268,268,9983,18.0,2452.37,32153.27,07ZZZZZ9003Z1Z1,INV/268,2026-09-25,27248.53,2452.37,0.0,
269,269,8483,18.0,0.0,96490.58,06ZZZZZ9037Z1Z1,INV/269,2026-07-24,81771.68,0.0,14718.9,
270,270,8483,18.0,6962.52,91286.42,07ZZZZZ9002Z1Z1,INV/270,2026-01-05,77361.37,6962.52,0.0,
271,271,8708,18.0,0.0,176378.07,29ZZZZZ9029Z1Z1,INV/271,2026-08-17,149472.94,0.0,26905.13,
272,272,6307,5.0,617.01,25914.65,07ZZZZZ9013Z1Z1,INV/25-26/272,2026-10-13,24680.62,617.01,0.0,
273,273,9965,5.0,3632.41,152561.2,07ZZZZZ9006Z1Z1,INV/273,2026-10-04,145296.38,3632.41,0.0,
274,274,8536,18.0,0.0,79180.99,09ZZZZZ9036Z1Z1,INV/274,2026-07-23,67102.53,0.0,12078.46,
275,275,3926,18.0,7089.26,92948.1,07ZZZZZ9012Z1Z1,INV/25-26/275,2025-09-19,78769.58,7089.26,0.0,
276,276,8536,18.0,7918.22,103816.66,07ZZZZZ9002Z1Z1,INV/276,2025-10-01,87980.22,7918.22,0.0,
277,277,3923,18.0,5645.99,74025.18,07ZZZZZ9005Z1Z1,INV/277,2026-07-26,62733.2,5645.99,0.0,
278,278,9983,18.0,0.0,18518.74,06ZZZZZ9027Z1Z1,INV/278,2026-03-03,15693.85,0.0,2824.89,
279,279,3926,18.0,0.0,27858.05,29ZZZZZ9034Z1Z1,INV/279,2026-09-12,23608.52,0.0,4249.53,
280,280,8483,18.0,6095.67,79920.99,07ZZZZZ9012Z1Z1,INV/280,2026-04-09,67729.65,6095.67,0.0,
281,281,8483,28.0,0.0,88445.52,29ZZZZZ9034Z1Z1,281,2025-07-29,69098.06,0.0,19347.46,
282,282,6307,5.0,0.0,64404.66,29ZZZZZ9019Z1Z1,INV/282,2026-09-19,61337.77,0.0,3066.89,
283,283,9983,18.0,0.0,97178.09,33ZZZZZ9020Z1Z1,INV/283,2026-10-03,82354.31,0.0,14823.78,
284,284,8483,18.0,0.0,35192.43,27ZZZZZ9038Z1Z1,INV/284,2025-09-25,29824.09,0.0,5368.34,
285,285,4819,5.0,0.0,130892.22,06ZZZZZ9037Z1Z1,INV/25-26/285,2026-10-05,124659.26,0.0,6232.96,
286,286,9965,5.0,0.0,58345.58,06ZZZZZ9017Z1Z1,INV/286,2026-05-25,55567.22,0.0,2778.36,
287,287,9965,5.0,0.0,88314.18,06ZZZZZ9032Z1Z1,INV/287,2026-05-13,84108.74,0.0,4205.44,
288,288,3923,18.0,0.0,83501.4,09ZZZZZ9026Z1Z1,INV/288,2025-12-02,70763.9,0.0,12737.5,
289,289,7326,18.0,0.0,40808.34,09ZZZZZ9031Z1Z1,INV/289,2025-09-19,34583.34,0.0,6225.0,
290,290,3926,18.0,0.0,172786.51,09ZZZZZ9021Z1Z1,BILL-290,2025-12-08,146429.25,0.0,26357.26,
291,291,8708,18.0,0.0,85713.45,09ZZZZZ9021Z1Z1,INV/291,2026-03-21,72638.52,0.0,13074.93,
292,292,7318,18.0,0.0,153758.44,29ZZZZZ9019Z1Z1,INV/292,2026-07-21,130303.76,0.0,23454.68,
293,293,9983,18.0,0.0,129285.07,09ZZZZZ9021Z1Z1,INV/25-26/293,2026-09-17,109563.62,0.0,19721.45,
294,294,7326,18.0,0.0,156309.84,33ZZZZZ9030Z1Z1,INV/294,2026-08-30,132465.97,0.0,23843.87,
295,295,7326,18.0,0.0,171300.08,27ZZZZZ9033Z1Z1,INV/295,2025-08-16,145169.56,0.0,26130.52,
296,296,9983,18.0,0.0,156868.28,06ZZZZZ9032Z1Z1,INV/296,2026-08-20,132939.22,0.0,23929.06,
297,297,7318,18.0,2197.85,28816.27,07ZZZZZ9007Z1Z1,INV/297,2026-07-16,24420.57,2197.85,0.0,
298,298,4819,5.0,0.0,66238.56,29ZZZZZ9024Z1Z1,INV/298,2026-01-04,63084.34,0.0,3154.22,
299,299,7318,18.0,7030.53,92178.12,07ZZZZZ9005Z1Z1,INV/299,2026-08-20,78117.05,7030.53,0.0,
300,300,9965,5.0,0.0,98281.32,33ZZZZZ9040Z1Z1,INV/25-26/300,2025-11-21,93601.26,0.0,4680.06,
301,301,3926,18.0,0.0,135074.54,09ZZZZZ9036Z1Z1,301,2026-08-27,114469.95,0.0,20604.59,
302,302,4819,5.0,621.75,26113.78,07ZZZZZ9003Z1Z1,INV/302,2026-01-22,24870.27,621.75,0.0,
303,303,9983,18.0,12105.37,158714.84,07ZZZZZ9010Z1Z1,303,2026-02-28,134504.1,12105.37,0.0,
304,304,9983,18.0,0.0,63453.5,33ZZZZZ9020Z1Z1,INV/304,2026-10-01,53774.15,0.0,9679.35,
305,305,3923,18.0,0.0,87154.13,06ZZZZZ9037Z1Z1,BILL-305,2026-03-30,73859.43,0.0,13294.7,
306,306,3923,18.0,0.0,142224.75,27ZZZZZ9038Z1Z1,INV/306,2026-09-06,120529.45,0.0,21695.3,
307,307,7326,18.0,0.0,74932.25,29ZZZZZ9039Z1Z1,INV/307,2026-06-18,63501.91,0.0,11430.34,
308,308,4819,5.0,2240.27,94091.42,07ZZZZZ9015Z1Z1,308,2026-08-02,89610.88,2240.27,0.0,
309,309,8483,18.0,0.0,146486.25,33ZZZZZ9025Z1Z1,INV/309,2026-07-05,124140.89,0.0,22345.36,
310,310,8708,18.0,697.13,9140.19,07ZZZZZ9008Z1Z1,INV/310,2026-04-20,7745.92,697.13,0.0,
311,311,7318,18.0,6998.74,91761.32,07ZZZZZ9014Z1Z1,INV/311,2025-09-16,77763.83,6998.74,0.0,
312,312,8483,18.0,7218.81,94646.7,07ZZZZZ9004Z1Z1,INV/312,2026-02-27,80209.07,7218.81,0.0,
313,313,3926,18.0,0.0,169588.89,33ZZZZZ9025Z1Z1,INV/313,2026-06-05,143719.4,0.0,25869.49,
314,314,9983,18.0,0.0,88743.21,06ZZZZZ9017Z1Z1,INV/314,2026-08-29,75206.11,0.0,13537.1,
315,315,3923,18.0,10513.83,137847.92,07ZZZZZ9015Z1Z1,INV/315,2025-11-20,116820.27,10513.83,0.0,
316,316,7326,18.0,0.0,65580.22,09ZZZZZ9021Z1Z1,INV/316,2026-06-19,55576.46,0.0,10003.76,
317,317,6307,5.0,0.0,92561.85,29ZZZZZ9019Z1Z1,INV/317,2026-08-12,88154.14,0.0,4407.71,
318,318,8483,18.0,0.0,79196.44,27ZZZZZ9023Z1Z1,INV/318,2026-10-02,67115.63,0.0,12080.81,
319,319,7326,18.0,0.0,66113.15,06ZZZZZ9017Z1Z1,INV/319,2026-09-09,56028.09,0.0,10085.06,
320,320,8483,18.0,0.0,24588.66,27ZZZZZ9018Z1Z1,INV/320,2025-11-16,20837.85,0.0,3750.81,
321,321,8708,0.0,0.0,115052.31,29ZZZZZ9034Z1Z1,BILL-321,2026-10-08,97501.96,0.0,17550.35,
322,322,9965,5.0,2919.03,122599.13,07ZZZZZ9007Z1Z1,322,2025-12-17,116761.08,2919.03,0.0,
323,323,7326,18.0,0.0,117207.17,09ZZZZZ9031Z1Z1,INV/323,2025-09-19,99328.11,0.0,17879.06,
324,324,6307,5.0,2489.59,104562.49,07ZZZZZ9004Z1Z1,INV/324,2026-10-05,99583.32,2489.59,0.0,
325,325,8483,18.0,5903.4,77400.12,07ZZZZZ9003Z1Z1,INV/325,2026-07-14,65593.32,5903.4,0.0,
326,326,8483,18.0,0.0,166153.76,06ZZZZZ9032Z1Z1,INV/326,2026-05-10,140808.27,0.0,25345.49,
327,327,3923,18.0,7861.9,103078.27,07ZZZZZ9001Z1Z1,BILL-327,2026-08-30,87354.47,7861.9,0.0,
328,328,8536,18.0,0.0,90408.41,33ZZZZZ9035Z1Z1,INV/328,2025-11-23,76617.3,0.0,13791.11,
329,329,8708,18.0,0.0,144288.05,27ZZZZZ9018Z1Z1,INV/329,2026-09-09,122278.01,0.0,22010.04,
330,330,8483,18.0,0.0,8309.81,06ZZZZZ9017Z1Z1,INV/330,2026-07-10,7042.21,0.0,1267.6,
331,331,4819,12.0,5615.31,104819.01,07ZZZZZ9013Z1Z1,INV/331,2025-09-16,93588.4,5615.31,0.0,
332,332,3926,18.0,0.0,20740.84,27ZZZZZ9033Z1Z1,INV/332,2026-01-24,17576.98,0.0,3163.86,
333,333,3926,18.0,0.0,166019.72,09ZZZZZ9031Z1Z1,BILL-333,2025-10-03,140694.68,0.0,25325.04,
334,334,6307,12.0,0.0,81162.94,27ZZZZZ9018Z1Z1,INV/334,2026-10-01,68782.15,0.0,12380.79,
335,335,4819,5.0,2545.72,106920.44,07ZZZZZ9016Z1Z1,INV/335,2026-08-30,101828.99,2545.72,0.0,
336,336,3923,18.0,0.0,124008.68,27ZZZZZ9033Z1Z1,INV/336,2025-09-20,105092.1,0.0,18916.58,
337,337,8483,18.0,6690.27,87716.93,07ZZZZZ9015Z1Z1,INV/337,2026-04-25,74336.38,6690.27,0.0,
338,338,7326,18.0,0.0,135482.68,09ZZZZZ9036Z1Z1,INV/338,2026-10-12,114815.83,0.0,20666.85,
339,339,6307,5.0,0.0,85258.39,29ZZZZZ9039Z1Z1,INV/339,2026-08-15,81198.47,0.0,4059.92,
340,340,4819,5.0,3129.3,131430.85,07ZZZZZ9008Z1Z1,INV/340,2026-09-25,125172.24,3129.3,0.0,
341,341,8483,18.0,4731.94,62040.93,07ZZZZZ9010Z1Z1,INV/341,2025-10-12,52577.06,4731.94,0.0,
342,342,7326,18.0,0.0,21460.12,27ZZZZZ9038Z1Z1,INV/342,2025-08-29,18186.54,0.0,3273.58,
343,343,7318,18.0,0.0,84058.22,27ZZZZZ9033Z1Z1,BILL-343,2026-07-31,71235.78,0.0,12822.44,
344,344,3923,18.0,11104.72,145595.15,07ZZZZZ9002Z1Z1,INV/344,2025-10-10,123385.72,11104.72,0.0,
345,345,6307,5.0,0.0,87642.15,27ZZZZZ9023Z1Z1,INV/25-26/345,2026-09-07,83468.71,0.0,4173.44,
346,346,8483,18.0,10444.05,136933.11,07ZZZZZ9012Z1Z1,INV/346,2026-09-05,116045.01,10444.05,0.0,
347,347,7318,18.0,0.0,82644.7,29ZZZZZ9024Z1Z1,INV/347,2026-05-27,70037.88,0.0,12606.82,
348,348,8483,18.0,0.0,117719.68,33ZZZZZ9035Z1Z1,INV/348,2026-10-10,99762.44,0.0,17957.24,
349,349,8536,18.0,0.0,27689.09,09ZZZZZ9026Z1Z1,INV/349,2025-09-30,23465.33,0.0,4223.76,
350,350,7326,18.0,0.0,121135.83,33ZZZZZ9020Z1Z1,INV/350,2026-07-17,102657.48,0.0,18478.35,
351,351,7326,18.0,4967.39,65127.93,07ZZZZZ9016Z1Z1,INV/351,2026-08-13,55193.16,4967.39,0.0,
352,352,4819,5.0,3059.36,128493.06,07ZZZZZ9008Z1Z1,INV/352,2026-09-22,122374.34,3059.36,0.0,
353,353,8708,28.0,2066.01,18889.19,07ZZZZZ9002Z1Z1,INV/353,2025-08-31,14757.18,2066.01,0.0,
354,354,8708,18.0,10114.06,132606.58,07ZZZZZ9004Z1Z1,INV/354,2026-02-14,112378.46,10114.06,0.0,
355,355,8483,18.0,7025.84,92116.58,07ZZZZZ9004Z1Z1,INV/355,2025-10-28,78064.9,7025.84,0.0,
356,356,3926,18.0,0.0,104705.94,06ZZZZZ9037Z1Z1,INV/356,2026-08-22,88733.85,0.0,15972.09,
357,357,9965,5.0,2014.54,84610.47,07ZZZZZ9010Z1Z1,INV/357,2026-08-22,80581.4,2014.54,0.0,
358,358,9965,5.0,2585.47,108589.71,07ZZZZZ9012Z1Z1,INV/358,2026-09-28,103418.77,2585.47,0.0,
359,359,8536,18.0,0.0,60435.47,33ZZZZZ9025Z1Z1,INV/359,2025-07-25,51216.5,0.0,9218.97,
360,360,7326,0.0,0.0,70729.66,33ZZZZZ9035Z1Z1,INV/360,2026-08-07,59940.39,0.0,10789.27,
361,361,4819,5.0,0.0,90873.26,33ZZZZZ9030Z1Z1,INV/361,2026-09-13,86545.96,0.0,4327.3,
362,362,8708,18.0,0.0,73129.76,33ZZZZZ9025Z1Z1,INV/362,2026-04-12,61974.37,0.0,11155.39,
363,363,6307,12.0,0.0,92587.21,29ZZZZZ9024Z1Z1,INV/363,2025-08-10,82667.15,0.0,9920.06,
364,364,9983,18.0,0.0,12666.59,29ZZZZZ9039Z1Z1,364,2026-10-09,10734.4,0.0,1932.19,
365,365,7326,18.0,4976.01,65240.93,07ZZZZZ9014Z1Z1,INV/365,2026-07-06,55288.92,4976.01,0.0,
366,366,8708,28.0,20230.17,184961.6,07ZZZZZ9001Z1Z1,BILL-366,2025-08-24,144501.25,20230.17,0.0,
367,367,7318,18.0,12392.4,162478.14,07ZZZZZ9014Z1Z1,INV/367,2026-09-30,137693.34,12392.4,0.0,
368,368,9965,5.0,0.0,59947.27,33ZZZZZ9035Z1Z1,INV/368,2026-09-12,57092.64,0.0,2854.63,
369,369,6307,5.0,0.0,127478.83,33ZZZZZ9030Z1Z1,INV/369,2026-03-20,121408.41,0.0,6070.42,
370,370,3926,18.0,4533.63,59440.95,07ZZZZZ9014Z1Z1,INV/25-26/370,2026-07-25,50373.69,4533.63,0.0,
371,371,9983,18.0,0.0,104991.35,09ZZZZZ9036Z1Z1,INV/371,2026-08-17,88975.72,0.0,16015.63,
372,372,9983,18.0,0.0,148488.36,33ZZZZZ9025Z1Z1,INV/372,2026-08-13,125837.59,0.0,22650.77,
373,373,3923,18.0,0.0,136511.0,06ZZZZZ9022Z1Z1,INV/373,2026-06-01,115687.29,0.0,20823.71,
374,374,7326,18.0,0.0,34684.78,06ZZZZZ9032Z1Z1,INV/374,2026-07-06,29393.88,0.0,5290.9,
375,375,8483,18.0,0.0,162781.48,06ZZZZZ9032Z1Z1,INV/375,2026-09-22,137950.41,0.0,24831.07,
376,376,6307,12.0,0.0,132998.18,29ZZZZZ9034Z1Z1,376,2026-04-04,126664.93,0.0,6333.25,
377,377,8483,28.0,0.0,162776.29,06ZZZZZ9027Z1Z1,INV/377,2025-07-25,127168.98,0.0,35607.31,
378,378,7326,18.0,0.0,69754.64,27ZZZZZ9033Z1Z1,INV/378,2026-08-11,59114.1,0.0,10640.54,
379,379,9965,5.0,0.0,79525.83,09ZZZZZ9031Z1Z1,379,2026-06-07,75738.89,0.0,3786.94,
380,380,8536,18.0,0.0,173146.72,27ZZZZZ9018Z1Z1,380,2026-09-20,146734.51,0.0,26412.21,
381,381,6307,5.0,0.0,145022.93,07ZZZZZ9012Z1Z1,INV/381,2026-06-11,138117.08,0.0,6905.85,
382,382,3926,18.0,0.0,75239.27,06ZZZZZ9017Z1Z1,INV/382,2026-09-20,63762.09,0.0,11477.18,
383,383,9983,18.0,0.0,71112.87,33ZZZZZ9030Z1Z1,INV/383,2026-01-08,60265.14,0.0,10847.73,
384,384,9965,5.0,3719.82,156232.47,07ZZZZZ9006Z1Z1,INV/384,2025-12-01,148792.83,3719.82,0.0,
385,385,8536,18.0,0.0,87344.47,33ZZZZZ9025Z1Z1,INV/385,2026-09-01,74020.74,0.0,13323.73,
386,386,9965,5.0,0.0,124671.3,27ZZZZZ9028Z1Z1,INV/386,2026-04-25,118734.57,0.0,5936.73,
387,387,4819,5.0,0.0,61231.95,29ZZZZZ9034Z1Z1,INV/387,2026-09-13,58316.14,0.0,2915.81,
388,388,3923,18.0,0.0,13866.76,09ZZZZZ9031Z1Z1,BILL-388,2026-06-20,11751.49,0.0,2115.27,
389,389,8483,18.0,12570.4,164811.92,07ZZZZZ9003Z1Z1,INV/389,2026-10-04,139671.12,12570.4,0.0,
390,390,6307,5.0,0.0,71814.91,09ZZZZZ9026Z1Z1,INV/390,2025-10-15,68395.15,0.0,3419.76,
391,391,9965,5.0,0.0,141746.05,33ZZZZZ9025Z1Z1,INV/391,2026-04-17,134996.24,0.0,6749.81,
392,392,8536,18.0,10178.21,133447.62,07ZZZZZ9006Z1Z1,INV/392,2026-07-22,113091.2,10178.21,0.0,
393,393,3926,18.0,8347.45,109444.37,07ZZZZZ9005Z1Z1,INV/393,2025-08-20,92749.47,8347.45,0.0,
394,394,3923,18.0,10675.31,139965.09,07ZZZZZ9002Z1Z1,INV/394,2026-05-02,118614.48,10675.31,0.0,
395,395,8483,18.0,0.0,122195.78,27ZZZZZ9028Z1Z1,INV/395,2026-09-01,103555.75,0.0,18640.03,
396,396,8708,28.0,0.0,138752.95,29ZZZZZ9019Z1Z1,INV/25-26/396,2025-08-13,108400.74,0.0,30352.21,
397,397,7318,18.0,4582.65,60083.64,07ZZZZZ9010Z1Z1,INV/25-26/397,2026-01-11,50918.34,4582.65,0.0,
398,398,6307,5.0,0.0,25424.2,27ZZZZZ9018Z1Z1,BILL-398,2025-12-05,24213.52,0.0,1210.68,
399,399,6307,5.0,0.0,9248.38,06ZZZZZ9027Z1Z1,INV/399,2026-04-12,8807.98,0.0,440.4,
400,400,7318,18.0,0.0,8011.48,09ZZZZZ9021Z1Z1,INV/400,2025-08-17,6789.39,0.0,1222.09,
401,401,9983,18.0,7250.41,95060.99,07ZZZZZ9016Z1Z1,INV/401,2026-09-24,80560.16,7250.41,0.0,
402,402,7326,18.0,0.0,30869.45,27ZZZZZ9018Z1Z1,BILL-402,2026-08-22,26160.55,0.0,4708.9,
403,403,3923,18.0,0.0,167456.43,29ZZZZZ9024Z1Z1,INV/403,2026-07-24,141912.23,0.0,25544.2,
404,404,7326,18.0,1845.99,24202.97,07ZZZZZ9013Z1Z1,INV/404,2026-03-11,20510.99,1845.99,0.0,
405,405,3926,18.0,0.0,81222.14,33ZZZZZ9025Z1Z1,INV/405,2026-10-02,68832.32,0.0,12389.82,
406,406,8483,18.0,0.0,80904.48,29ZZZZZ9039Z1Z1,INV/406,2026-08-26,68563.12,0.0,12341.36,
407,407,7318,18.0,13091.86,171648.89,07ZZZZZ9012Z1Z1,INV/407,2026-08-24,145465.16,13091.86,0.0,
408,408,8708,18.0,0.0,61659.13,06ZZZZZ9037Z1Z1,INV/408,2026-06-21,52253.5,0.0,9405.63,
409,409,8708,18.0,0.0,107230.05,06ZZZZZ9037Z1Z1,INV/409,2026-07-29,90872.92,0.0,16357.13,
410,410,7326,18.0,12755.82,167243.0,07ZZZZZ9002Z1Z1,INV/410,2026-07-25,141731.36,12755.82,0.0,
411,411,7318,18.0,9232.36,121046.48,07ZZZZZ9005Z1Z1,BILL-411,2026-10-11,102581.76,9232.36,0.0,
412,412,7318,18.0,0.0,18555.43,27ZZZZZ9028Z1Z1,INV/412,2026-08-03,15724.94,0.0,2830.49,
413,413,8536,18.0,0.0,163910.12,33ZZZZZ9035Z1Z1,INV/413,2026-03-03,138906.88,0.0,25003.24,
414,414,8536,18.0,0.0,107502.59,29ZZZZZ9024Z1Z1,INV/414,2026-01-31,91103.89,0.0,16398.7,
415,415,8483,28.0,0.0,126483.17,27ZZZZZ9023Z1Z1,415,2025-08-25,98814.98,0.0,27668.19,
416,416,7318,18.0,0.0,24027.11,06ZZZZZ9022Z1Z1,INV/25-26/416,2026-06-12,20361.96,0.0,3665.15,
417,417,9983,18.0,0.0,123559.38,09ZZZZZ9036Z1Z1,INV/417,2026-03-19,104711.34,0.0,18848.04,
418,418,8536,18.0,0.0,31692.46,27ZZZZZ9038Z1Z1,INV/418,2026-10-09,26858.02,0.0,4834.44,
419,419,6307,5.0,3138.53,131818.12,07ZZZZZ9006Z1Z1,INV/419,2026-09-06,125541.07,3138.53,0.0,
420,420,8536,18.0,6752.19,88528.64,07ZZZZZ9014Z1Z1,INV/420,2026-09-11,75024.27,6752.19,0.0,
421,421,3926,18.0,0.0,17393.53,29ZZZZZ9029Z1Z1,421,2026-02-10,14740.28,0.0,2653.25,
422,422,9965,5.0,3025.18,127057.63,07ZZZZZ9007Z1Z1,INV/422,2026-08-27,121007.27,3025.18,0.0,
423,423,8483,18.0,0.0,62532.33,09ZZZZZ9036Z1Z1,INV/423,2026-08-06,52993.5,0.0,9538.83,
424,424,8483,18.0,8808.25,115485.94,07ZZZZZ9012Z1Z1,INV/424,2026-09-04,97869.44,8808.25,0.0,
425,425,7326,18.0,8178.25,107225.96,07ZZZZZ9013Z1Z1,INV/425,2025-07-15,90869.46,8178.25,0.0,
426,426,4819,12.0,1777.87,23309.78,07ZZZZZ9005Z1Z1,INV/426,2026-09-17,19754.05,1777.87,0.0,
427,427,6307,5.0,0.0,66193.3,33ZZZZZ9030Z1Z1,INV/427,2026-08-09,63041.24,0.0,3152.06,
428,428,9983,18.0,0.0,72396.17,09ZZZZZ9021Z1Z1,INV/428,2026-03-28,61352.69,0.0,11043.48,
429,429,8483,18.0,0.0,145130.62,33ZZZZZ9040Z1Z1,INV/429,2026-09-11,122992.05,0.0,22138.57,
430,430,6307,5.0,0.0,107578.76,27ZZZZZ9038Z1Z1,INV/430,2025-11-30,102455.96,0.0,5122.8,
431,431,8483,18.0,0.0,93302.14,29ZZZZZ9024Z1Z1,INV/431,2026-08-07,79069.61,0.0,14232.53,
432,432,8483,28.0,0.0,96725.99,27ZZZZZ9028Z1Z1,INV/432,2025-09-09,75567.18,0.0,21158.81,
433,433,8536,18.0,2627.59,34450.69,07ZZZZZ9012Z1Z1,INV/433,2026-10-14,29195.5,2627.59,0.0,
434,434,4819,5.0,0.0,137025.76,33ZZZZZ9040Z1Z1,INV/434,2026-09-10,130500.72,0.0,6525.04,
435,435,8536,18.0,0.0,117640.24,09ZZZZZ9036Z1Z1,INV/435,2026-09-02,99695.12,0.0,17945.12,
436,436,7326,18.0,0.0,34517.08,29ZZZZZ9029Z1Z1,INV/436,2026-03-09,29251.76,0.0,5265.32,
437,437,4819,5.0,0.0,68096.35,29ZZZZZ9019Z1Z1,INV/437,2026-08-12,64853.67,0.0,3242.68,
438,438,7326,18.0,0.0,99958.15,06ZZZZZ9037Z1Z1,INV/25-26/438,2025-09-25,84710.3,0.0,15247.85,
439,439,8536,18.0,0.0,146648.72,29ZZZZZ9024Z1Z1,439,2025-11-15,124278.58,0.0,22370.14,
440,440,6307,5.0,0.0,117304.28,27ZZZZZ9028Z1Z1,INV/440,2026-02-11,111718.36,0.0,5585.92,
441,441,3923,0.0,0.0,65541.52,29ZZZZZ9029Z1Z1,INV/441,2026-07-19,55543.66,0.0,9997.86,
442,442,8708,18.0,4988.91,65410.15,07ZZZZZ9008Z1Z1,INV/442,2026-02-10,55432.33,4988.91,0.0,
443,443,9965,5.0,0.0,70438.43,33ZZZZZ9040Z1Z1,INV/443,2026-10-13,67084.22,0.0,3354.21,
444,444,9983,18.0,5028.14,65924.52,07ZZZZZ9004Z1Z1,INV/444,2026-08-10,55868.24,5028.14,0.0,
445,445,3923,18.0,0.0,103895.06,29ZZZZZ9019Z1Z1,INV/445,2026-10-13,88046.66,0.0,15848.4,
446,446,8483,18.0,13014.17,170630.29,07ZZZZZ9007Z1Z1,INV/446,2026-03-21,144601.94,13014.17,0.0,
447,447,4819,12.0,3672.19,68547.58,07ZZZZZ9009Z1Z1,INV/447,2025-09-21,61203.2,3672.19,0.0,
448,448,7326,18.0,0.0,30225.57,09ZZZZZ9026Z1Z1,INV/448,2026-10-09,25614.89,0.0,4610.68,
449,449,6307,5.0,0.0,101719.83,29ZZZZZ9029Z1Z1,INV/449,2026-05-18,96876.03,0.0,4843.8,
450,450,3926,18.0,0.0,83698.43,27ZZZZZ9018Z1Z1,INV/450,2025-08-17,70930.87,0.0,12767.56,
451,451,9965,5.0,0.0,106365.89,33ZZZZZ9030Z1Z1,INV/451,2026-07-26,101300.85,0.0,5065.04,
452,452,8708,28.0,0.0,186084.66,09ZZZZZ9026Z1Z1,INV/452,2025-08-02,145378.64,0.0,40706.02,
453,453,8536,18.0,0.0,104784.45,06ZZZZZ9022Z1Z1,INV/453,2026-08-20,88800.38,0.0,15984.07,
454,454,4819,5.0,485.96,20410.26,07ZZZZZ9004Z1Z1,INV/454,2026-03-06,19438.34,485.96,0.0,
455,455,7326,18.0,0.0,6015.65,29ZZZZZ9029Z1Z1,INV/455,2026-08-04,5098.01,0.0,917.64,
456,456,9965,5.0,1719.27,72209.03,07ZZZZZ9009Z1Z1,INV/456,2025-10-12,68770.5,1719.27,0.0,
457,457,3923,18.0,0.0,20002.16,29ZZZZZ9024Z1Z1,INV/457,2026-10-06,16950.98,0.0,3051.18,
458,458,8708,18.0,0.0,79341.42,33ZZZZZ9020Z1Z1,INV/25-26/458,2026-09-03,67238.49,0.0,12102.93,
459,459,9983,18.0,5201.79,68201.25,07ZZZZZ9009Z1Z1,INV/459,2026-07-24,57797.67,5201.79,0.0,
460,460,7318,18.0,9507.1,124648.71,07ZZZZZ9008Z1Z1,INV/460,2026-08-27,105634.5,9507.1,0.0,
461,461,3926,18.0,5246.68,68789.8,07ZZZZZ9007Z1Z1,INV/461,2026-07-28,58296.44,5246.68,0.0,
462,462,9965,5.0,3724.41,156425.14,07ZZZZZ9009Z1Z1,462,2026-01-12,148976.32,3724.41,0.0,
463,463,7326,18.0,5033.0,65988.22,07ZZZZZ9011Z1Z1,INV/463,2026-10-06,55922.22,5033.0,0.0,
464,464,9965,5.0,0.0,72602.94,33ZZZZZ9040Z1Z1,INV/464,2026-09-05,69145.66,0.0,3457.28,
465,465,7318,18.0,0.0,66047.75,27ZZZZZ9038Z1Z1,INV/465,2026-07-30,55972.67,0.0,10075.08,
466,466,8708,18.0,7671.82,100586.16,07ZZZZZ9006Z1Z1,INV/466,2026-08-19,85242.51,7671.82,0.0,
467,467,3923,18.0,3131.07,41051.76,07ZZZZZ9002Z1Z1,INV/467,2025-12-16,34789.63,3131.07,0.0,
468,468,9965,5.0,0.0,13558.15,29ZZZZZ9019Z1Z1,INV/468,2025-10-05,12912.52,0.0,645.63,
469,469,8708,18.0,6969.55,91378.57,07ZZZZZ9008Z1Z1,INV/469,2025-10-31,77439.47,6969.55,0.0,
470,470,3926,18.0,2172.38,28482.27,07ZZZZZ9001Z1Z1,INV/470,2026-05-15,24137.52,2172.38,0.0,
471,471,9965,5.0,0.0,31554.29,33ZZZZZ9035Z1Z1,INV/471,2026-04-18,30051.7,0.0,1502.59,
472,472,4819,5.0,1575.42,66167.71,07ZZZZZ9005Z1Z1,INV/25-26/472,2026-09-28,63016.87,1575.42,0.0,
473,473,7318,18.0,0.0,78373.72,27ZZZZZ9033Z1Z1,INV/473,2026-08-20,66418.41,0.0,11955.31,
474,474,8483,18.0,0.0,76974.73,33ZZZZZ9040Z1Z1,INV/474,2026-05-24,65232.82,0.0,11741.91,
475,475,8536,18.0,4714.09,61806.97,07ZZZZZ9010Z1Z1,INV/475,2026-03-19,52378.79,4714.09,0.0,
476,476,3923,18.0,9567.72,125443.44,07ZZZZZ9005Z1Z1,INV/476,2026-07-26,106308.0,9567.72,0.0,
477,477,7318,18.0,1963.62,25745.3,07ZZZZZ9006Z1Z1,INV/477,2026-08-15,21818.05,1963.62,0.0,
478,478,6307,5.0,170.91,7178.24,07ZZZZZ9012Z1Z1,INV/25-26/478,2026-10-07,6836.42,170.91,0.0,
479,479,8536,18.0,0.0,94396.83,27ZZZZZ9023Z1Z1,INV/479,2025-09-22,79997.31,0.0,14399.52,
480,480,6307,5.0,0.0,122700.26,27ZZZZZ9018Z1Z1,BILL-480,2026-07-31,116857.39,0.0,5842.87,
481,481,9983,18.0,0.0,113270.87,06ZZZZZ9017Z1Z1,INV/481,2025-11-17,95992.26,0.0,17278.61,
482,482,8483,18.0,0.0,68811.38,06ZZZZZ9037Z1Z1,INV/482,2026-09-16,58314.73,0.0,10496.65,
483,483,8708,28.0,15737.83,143888.76,07ZZZZZ9008Z1Z1,INV/25-26/483,2025-08-22,112413.09,15737.83,0.0,
484,484,8483,18.0,0.0,36520.22,33ZZZZZ9025Z1Z1,INV/484,2026-08-30,30949.34,0.0,5570.88,
485,485,8483,28.0,0.0,66126.45,06ZZZZZ9027Z1Z1,INV/485,2026-10-03,51661.29,0.0,14465.16,
486,486,3926,18.0,0.0,26329.49,06ZZZZZ9037Z1Z1,INV/486,2026-07-24,22313.13,0.0,4016.36,
487,487,7318,18.0,1349.49,17693.31,07ZZZZZ9003Z1Z1,INV/487,2026-09-19,14994.33,1349.49,0.0,
488,488,3926,18.0,0.0,20680.56,33ZZZZZ9020Z1Z1,INV/488,2025-11-22,17525.9,0.0,3154.66,
489,489,9983,18.0,0.0,71006.12,33ZZZZZ9020Z1Z1,INV/489,2026-09-25,60174.68,0.0,10831.44,
490,490,8536,18.0,10374.3,136018.51,07ZZZZZ9013Z1Z1,INV/490,2026-03-10,115269.92,10374.3,0.0,
491,491,8708,28.0,11693.36,106910.78,07ZZZZZ9002Z1Z1,INV/491,2025-07-04,83524.05,11693.36,0.0,
492,492,4819,5.0,0.0,120796.97,06ZZZZZ9022Z1Z1,INV/492,2026-05-09,115044.73,0.0,5752.24,
493,493,8708,18.0,7364.08,96551.26,07ZZZZZ9007Z1Z1,INV/493,2026-07-13,81823.1,7364.08,0.0,
494,494,3923,18.0,1663.99,21816.85,07ZZZZZ9010Z1Z1,INV/494,2026-03-09,18488.86,1663.99,0.0,
495,495,3926,18.0,0.0,84342.16,06ZZZZZ9027Z1Z1,INV/495,2026-08-30,71476.41,0.0,12865.75,
496,496,6307,5.0,0.0,95366.13,09ZZZZZ9026Z1Z1,496,2026-08-01,90824.89,0.0,4541.24,
497,497,7318,18.0,0.0,125794.15,09ZZZZZ9021Z1Z1,INV/497,2026-08-17,106605.21,0.0,19188.94,
498,498,6307,5.0,3545.39,148906.2,07ZZZZZ9015Z1Z1,498,2025-12-10,141815.43,3545.39,0.0,
499,499,7326,18.0,0.0,59631.1,29ZZZZZ9029Z1Z1,BILL-499,2026-08-05,50534.83,0.0,9096.27,
500,500,3923,18.0,0.0,151759.71,33ZZZZZ9030Z1Z1,500,2026-08-23,128609.92,0.0,23149.79,
501,501,4819,5.0,0.0,58986.91,29ZZZZZ9039Z1Z1,INV/501,2025-12-03,56178.01,0.0,2808.9,
502,502,7318,18.0,0.0,93752.95,27ZZZZZ9023Z1Z1,INV/502,2026-08-15,79451.65,0.0,14301.3,
503,503,4819,5.0,3576.35,150206.71,07ZZZZZ9012Z1Z1,INV/503,2025-11-11,143054.01,3576.35,0.0,
504,504,6307,5.0,1799.9,75596.08,07ZZZZZ9016Z1Z1,INV/504,2026-04-11,71996.27,1799.9,0.0,
505,505,8483,18.0,3035.64,39800.56,07ZZZZZ9015Z1Z1,INV/505,2026-07-22,33729.29,3035.64,0.0,
506,506,8483,28.0,8098.85,106184.92,07ZZZZZ9006Z1Z1,INV/506,2025-11-27,89987.22,8098.85,0.0,
507,507,9965,5.0,1732.44,72762.42,07ZZZZZ9013Z1Z1,BILL-507,2026-07-23,69297.54,1732.44,0.0,
508,508,8483,18.0,12509.92,164018.94,07ZZZZZ9004Z1Z1,INV/508,2026-09-12,138999.1,12509.92,0.0,
509,509,9965,5.0,0.0,70209.59,33ZZZZZ9025Z1Z1,INV/509,2026-07-18,66866.28,0.0,3343.31,
510,510,8483,18.0,0.0,11828.52,29ZZZZZ9029Z1Z1,INV/510,2026-08-19,10024.17,0.0,1804.35,
511,511,7318,18.0,0.0,156943.41,06ZZZZZ9032Z1Z1,INV/511,2025-11-03,133002.89,0.0,23940.52,
512,512,6307,12.0,0.0,109966.77,06ZZZZZ9027Z1Z1,INV/512,2025-09-20,98184.62,0.0,11782.15,
513,513,4819,5.0,0.0,155886.7,33ZZZZZ9035Z1Z1,INV/513,2025-11-05,148463.52,0.0,7423.18,
514,514,3926,18.0,0.0,162059.04,06ZZZZZ9032Z1Z1,INV/514,2025-12-31,137338.17,0.0,24720.87,
515,515,9983,18.0,0.0,66974.36,09ZZZZZ9021Z1Z1,INV/515,2026-07-18,56757.93,0.0,10216.43,
516,516,3926,18.0,0.0,137106.69,29ZZZZZ9034Z1Z1,INV/516,2026-09-13,116192.11,0.0,20914.58,
517,517,3923,18.0,7414.65,97214.29,07ZZZZZ9016Z1Z1,INV/517,2026-04-30,82384.99,7414.65,0.0,
518,518,7318,18.0,0.0,66607.07,06ZZZZZ9037Z1Z1,INV/518,2026-08-12,56446.67,0.0,10160.4,
519,519,3926,18.0,0.0,143842.57,27ZZZZZ9038Z1Z1,INV/519,2026-08-14,121900.48,0.0,21942.09,
520,520,9983,18.0,0.0,102333.07,27ZZZZZ9023Z1Z1,INV/520,2026-10-11,86722.94,0.0,15610.13,
FZ8X1,538,6307,5.0,84.3,3540.46,07ZZZZZ9008Z1Z1,FZ8X1,2026-09-15,3371.86,84.3,0.0,
FZ32X2,539,7318,18.0,0.0,2227.36,06ZZZZZ9032Z1Z1,FZ32X2,2026-09-15,1887.59,0.0,339.77,
FZ35X3,540,3923,18.0,0.0,5341.8,33ZZZZZ9035Z1Z1,FZ35X3,2026-09-28,4526.95,0.0,814.85,
FZ24X4,541,3926,18.0,0.0,2647.77,29ZZZZZ9024Z1Z1,FZ24X4,2026-09-18,2243.87,0.0,403.9,
FZ29X5,542,4819,5.0,0.0,1406.6,29ZZZZZ9029Z1Z1,FZ29X5,2026-09-22,1339.62,0.0,66.98,
FZ37X6,543,8708,18.0,0.0,3059.46,06ZZZZZ9037Z1Z1,FZ37X6,2026-09-22,2592.76,0.0,466.7,
FZ6X7,544,9965,5.0,19.43,816.24,07ZZZZZ9006Z1Z1,FZ6X7,2026-09-27,777.38,19.43,0.0,
FZ38X8,545,8536,18.0,0.0,4137.84,27ZZZZZ9038Z1Z1,FZ38X8,2026-09-17,3506.64,0.0,631.2,
FZ34X9,546,4819,5.0,0.0,1600.0,29ZZZZZ9034Z1Z1,FZ34X9,2026-09-18,1523.81,0.0,76.19,
FZ37X10,547,8536,18.0,0.0,2812.93,06ZZZZZ9037Z1Z1,FZ37X10,2026-09-15,2383.84,0.0,429.09,
3960,1000,8708,28.0,0.0,138752.95,29ZZZZZ9019Z1Z1,INV/25-26/3960,2025-08-14,108400.74,0.0,30352.21,
5162,1001,3926,18.0,0.0,137106.69,29ZZZZZ9034Z1Z1,INV/5162,2026-09-15,116192.11,0.0,20914.58,
2381,1002,3923,18.0,0.0,139037.03,33ZZZZZ9030Z1Z1,INV/2381,2026-04-21,117827.99,0.0,21209.04,
429,1003,8483,18.0,0.0,145130.62,33ZZZZZ9040Z1Z1,INV/429,2026-09-11,122992.05,0.0,22138.57,
347,1004,7318,18.0,0.0,82644.7,29ZZZZZ9024Z1Z1,INV/347,2026-05-27,70037.88,0.0,12606.82,
265,1005,9965,5.0,2435.99,102311.29,07ZZZZZ9005Z1Z1,INV/265,2026-08-10,97439.32,2435.99,0.0,
352,1006,4819,5.0,3059.36,128493.06,07ZZZZZ9008Z1Z1,INV/352,2026-09-22,122374.34,3059.36,0.0,
175,1007,7326,18.0,1646.34,21585.33,07ZZZZZ9008Z1Z1,INV/175,2026-08-08,18292.65,1646.34,0.0,
107SP0,2000,3923,18.0,0.0,50393.93,09ZZZZZ9031Z1Z1,INV/107-SP0,2026-09-05,42706.72,0.0,7687.21,
107SP1,2001,3923,18.0,0.0,52359.3,09ZZZZZ9031Z1Z1,INV/107-SP1,2026-09-05,44372.29,0.0,7987.01,
107SP2,2002,3923,18.0,0.0,57400.04,09ZZZZZ9031Z1Z1,INV/107-SP2,2026-09-05,48644.1,0.0,8755.94,
516SP0,2003,3926,18.0,0.0,52169.5,29ZZZZZ9034Z1Z1,INV/516-SP0,2026-09-12,44211.44,0.0,7958.06,
516SP1,2004,3926,18.0,0.0,53804.32,29ZZZZZ9034Z1Z1,INV/516-SP1,2026-09-12,45596.88,0.0,8207.44,
516SP2,2005,3926,18.0,0.0,48875.73,29ZZZZZ9034Z1Z1,INV/516-SP2,2026-09-12,41420.11,0.0,7455.62,
99SP0,2006,3926,18.0,0.0,46141.58,33ZZZZZ9025Z1Z1,INV/99-SP0,2026-09-18,39103.03,0.0,7038.55,
99SP1,2007,3926,18.0,0.0,50171.69,33ZZZZZ9025Z1Z1,INV/99-SP1,2026-09-18,42518.38,0.0,7653.31,
99SP2,2008,3926,18.0,0.0,52298.92,33ZZZZZ9025Z1Z1,INV/99-SP2,2026-09-18,44321.12,0.0,7977.8,
