value,from_gstin,period,invoice_count,id,to_gstin
63846.31148657924,07ZZZZZ9006Z1Z1,2026-09,9,1,29ZZZZZ9019Z1Z1
27011.891234608363,06ZZZZZ9027Z1Z1,2026-09,1,2,06ZZZZZ9017Z1Z1
20604.574358303595,06ZZZZZ9037Z1Z1,2026-09,1,3,29ZZZZZ9034Z1Z1
71899.00630999985,33ZZZZZ9025Z1Z1,2026-09,6,4,07ZZZZZ9014Z1Z1
19592.48948045128,06ZZZZZ9027Z1Z1,2026-09,7,5,29ZZZZZ9024Z1Z1
33517.26052871289,27ZZZZZ9038Z1Z1,2026-09,9,6,06ZZZZZ9017Z1Z1
42907.968499282455,27ZZZZZ9028Z1Z1,2026-09,5,7,06ZZZZZ9037Z1Z1
47190.53424663428,09ZZZZZ9026Z1Z1,2026-09,9,8,07ZZZZZ9014Z1Z1
43319.16719912323,09ZZZZZ9031Z1Z1,2026-09,9,9,07ZZZZZ9012Z1Z1
98965.7437622456,09ZZZZZ9031Z1Z1,2026-09,10,10,06ZZZZZ9017Z1Z1
76220.41875441496,27ZZZZZ9023Z1Z1,2026-09,2,11,09ZZZZZ9026Z1Z1
80479.8334310802,07ZZZZZ9015Z1Z1,2026-09,3,12,29ZZZZZ9029Z1Z1
55750.918880481135,07ZZZZZ9007Z1Z1,2026-09,6,13,07ZZZZZ9014Z1Z1
72735.16678520144,09ZZZZZ9036Z1Z1,2026-09,1,14,33ZZZZZ9040Z1Z1
96811.32262370657,07ZZZZZ9011Z1Z1,2026-09,1,15,33ZZZZZ9025Z1Z1
52450.179407950935,07ZZZZZ9006Z1Z1,2026-09,10,16,07ZZZZZ9010Z1Z1
15767.241073237954,27ZZZZZ9028Z1Z1,2026-09,4,17,07ZZZZZ9006Z1Z1
64812.59750871345,29ZZZZZ9024Z1Z1,2026-09,7,18,07ZZZZZ9006Z1Z1
69055.77068694308,09ZZZZZ9026Z1Z1,2026-09,5,19,33ZZZZZ9040Z1Z1
95114.4272061047,29ZZZZZ9039Z1Z1,2026-09,3,20,07ZZZZZ9004Z1Z1
10963.9357637886,06ZZZZZ9032Z1Z1,2026-09,9,21,29ZZZZZ9029Z1Z1
13024.841625663259,29ZZZZZ9019Z1Z1,2026-09,10,22,07ZZZZZ9013Z1Z1
72860.4759339272,27ZZZZZ9033Z1Z1,2026-09,10,23,29ZZZZZ9034Z1Z1
42376.59984479171,07ZZZZZ9011Z1Z1,2026-09,1,24,07ZZZZZ9003Z1Z1
99713.54294444856,07ZZZZZ9011Z1Z1,2026-09,7,25,07ZZZZZ9006Z1Z1
46490.58701654684,27ZZZZZ9023Z1Z1,2026-09,4,26,09ZZZZZ9026Z1Z1
76323.29861317555,29ZZZZZ9034Z1Z1,2026-09,2,27,07ZZZZZ9001Z1Z1
35604.440833274144,07ZZZZZ9006Z1Z1,2026-09,9,28,09ZZZZZ9036Z1Z1
41272.757997333174,27ZZZZZ9038Z1Z1,2026-09,5,29,27ZZZZZ9023Z1Z1
96675.14255275775,07ZZZZZ9015Z1Z1,2026-09,8,30,29ZZZZZ9039Z1Z1
10418.63064095136,09ZZZZZ9026Z1Z1,2026-09,3,31,06ZZZZZ9037Z1Z1
19581.846075331894,06ZZZZZ9027Z1Z1,2026-09,2,32,27ZZZZZ9033Z1Z1
40596.930498118636,27ZZZZZ9033Z1Z1,2026-09,2,33,29ZZZZZ9019Z1Z1
88850.17416187603,27ZZZZZ9033Z1Z1,2026-09,10,34,06ZZZZZ9017Z1Z1
96944.99100697953,06ZZZZZ9017Z1Z1,2026-09,10,35,29ZZZZZ9029Z1Z1
78172.59565420052,09ZZZZZ9031Z1Z1,2026-09,8,36,07ZZZZZ9016Z1Z1
87582.09513471695,33ZZZZZ9030Z1Z1,2026-09,8,37,27ZZZZZ9038Z1Z1
16079.883459512823,07ZZZZZ9008Z1Z1,2026-09,4,38,06ZZZZZ9017Z1Z1
47118.33749704146,07ZZZZZ9015Z1Z1,2026-09,6,39,09ZZZZZ9021Z1Z1
10875.087254298243,29ZZZZZ9034Z1Z1,2026-09,5,40,33ZZZZZ9035Z1Z1
18370.848714588254,07ZZZZZ9016Z1Z1,2026-09,6,41,29ZZZZZ9019Z1Z1
93825.66158520964,07ZZZZZ9005Z1Z1,2026-09,8,42,09ZZZZZ9036Z1Z1
29670.95204061614,09ZZZZZ9021Z1Z1,2026-09,10,43,27ZZZZZ9023Z1Z1
95240.62981571304,27ZZZZZ9018Z1Z1,2026-09,4,44,07ZZZZZ9012Z1Z1
31137.52347371441,06ZZZZZ9032Z1Z1,2026-09,4,45,07ZZZZZ9013Z1Z1
30628.677891559822,06ZZZZZ9017Z1Z1,2026-09,4,46,07ZZZZZ9014Z1Z1
24039.601162854302,33ZZZZZ9040Z1Z1,2026-09,2,47,27ZZZZZ9023Z1Z1
70823.0912388874,07ZZZZZ9008Z1Z1,2026-09,8,48,07ZZZZZ9006Z1Z1
78781.97913719743,33ZZZZZ9040Z1Z1,2026-09,9,49,07ZZZZZ9001Z1Z1
43407.68818453008,07ZZZZZ9003Z1Z1,2026-09,6,50,09ZZZZZ9031Z1Z1
88189.19520620981,06ZZZZZ9032Z1Z1,2026-09,8,51,06ZZZZZ9037Z1Z1
35223.99608648683,07ZZZZZ9012Z1Z1,2026-09,4,52,27ZZZZZ9033Z1Z1
14873.335415990572,06ZZZZZ9037Z1Z1,2026-09,7,53,07ZZZZZ9009Z1Z1
12930.638232996822,09ZZZZZ9031Z1Z1,2026-09,6,54,33ZZZZZ9035Z1Z1
51147.64308844243,09ZZZZZ9026Z1Z1,2026-09,2,55,07ZZZZZ9012Z1Z1
38408.61389062516,29ZZZZZ9034Z1Z1,2026-09,1,56,33ZZZZZ9030Z1Z1
44148.52032282009,07ZZZZZ9001Z1Z1,2026-09,2,57,07ZZZZZ9014Z1Z1
65150.02867255943,09ZZZZZ9021Z1Z1,2026-09,5,58,29ZZZZZ9024Z1Z1
33656.41311811301,07ZZZZZ9012Z1Z1,2026-09,5,59,09ZZZZZ9036Z1Z1
40878.68141333143,09ZZZZZ9031Z1Z1,2026-09,3,60,33ZZZZZ9040Z1Z1
28947.92338995907,06ZZZZZ9032Z1Z1,2026-09,6,61,27ZZZZZ9028Z1Z1
35166.657869261566,29ZZZZZ9024Z1Z1,2026-09,3,62,09ZZZZZ9026Z1Z1
98134.5206635471,06ZZZZZ9037Z1Z1,2026-09,4,63,07ZZZZZ9009Z1Z1
82367.8822906499,07ZZZZZ9007Z1Z1,2026-09,9,64,27ZZZZZ9018Z1Z1
27645.68927232873,27ZZZZZ9028Z1Z1,2026-09,3,65,33ZZZZZ9025Z1Z1
25894.654899365156,09ZZZZZ9031Z1Z1,2026-09,8,66,07ZZZZZ9001Z1Z1
58058.43289830111,07ZZZZZ9009Z1Z1,2026-09,6,67,29ZZZZZ9034Z1Z1
32587.66301417693,06ZZZZZ9032Z1Z1,2026-09,10,68,33ZZZZZ9020Z1Z1
18907.731936491175,07ZZZZZ9004Z1Z1,2026-09,3,69,09ZZZZZ9026Z1Z1
83243.62622861617,07ZZZZZ9004Z1Z1,2026-09,8,70,07ZZZZZ9014Z1Z1
77013.38984160936,07ZZZZZ9007Z1Z1,2026-09,5,71,29ZZZZZ9029Z1Z1
60431.503133283804,29ZZZZZ9024Z1Z1,2026-09,5,72,29ZZZZZ9024Z1Z1
47058.48143183719,27ZZZZZ9023Z1Z1,2026-09,6,73,07ZZZZZ9002Z1Z1
61916.83807842806,29ZZZZZ9039Z1Z1,2026-09,9,74,07ZZZZZ9013Z1Z1
41959.813455180265,07ZZZZZ9012Z1Z1,2026-09,9,75,29ZZZZZ9019Z1Z1
90066.92042243984,06ZZZZZ9032Z1Z1,2026-09,7,76,29ZZZZZ9029Z1Z1
51737.68726627601,33ZZZZZ9040Z1Z1,2026-09,3,77,29ZZZZZ9019Z1Z1
47963.48390590106,07ZZZZZ9011Z1Z1,2026-09,10,78,06ZZZZZ9022Z1Z1
86401.06947449278,06ZZZZZ9037Z1Z1,2026-09,2,79,09ZZZZZ9026Z1Z1
40926.29388376782,07ZZZZZ9006Z1Z1,2026-09,6,80,07ZZZZZ9011Z1Z1
73939.01366049435,09ZZZZZ9021Z1Z1,2026-09,10,81,29ZZZZZ9019Z1Z1
89892.2625932161,09ZZZZZ9026Z1Z1,2026-09,6,82,27ZZZZZ9018Z1Z1
96897.34295402451,27ZZZZZ9038Z1Z1,2026-09,7,83,29ZZZZZ9034Z1Z1
86879.06602083964,07ZZZZZ9011Z1Z1,2026-09,3,84,07ZZZZZ9012Z1Z1
94639.36036041961,07ZZZZZ9016Z1Z1,2026-09,2,85,06ZZZZZ9017Z1Z1
45734.10249703257,07ZZZZZ9014Z1Z1,2026-09,2,86,07ZZZZZ9011Z1Z1
59359.03694364644,07ZZZZZ9005Z1Z1,2026-09,1,87,09ZZZZZ9031Z1Z1
78849.67349202362,09ZZZZZ9026Z1Z1,2026-09,2,88,29ZZZZZ9034Z1Z1
65629.19545154789,07ZZZZZ9007Z1Z1,2026-09,2,89,06ZZZZZ9017Z1Z1
30642.03599293296,33ZZZZZ9025Z1Z1,2026-09,5,90,33ZZZZZ9020Z1Z1
21814.939956417747,29ZZZZZ9029Z1Z1,2026-09,3,91,07ZZZZZ9009Z1Z1
69719.4221773424,07ZZZZZ9002Z1Z1,2026-09,6,92,07ZZZZZ9003Z1Z1
97748.33908960852,09ZZZZZ9031Z1Z1,2026-09,9,93,33ZZZZZ9030Z1Z1
50036.04391336695,27ZZZZZ9018Z1Z1,2026-09,9,94,09ZZZZZ9036Z1Z1
63782.57789529046,07ZZZZZ9012Z1Z1,2026-09,10,95,27ZZZZZ9038Z1Z1
67580.78580765086,27ZZZZZ9028Z1Z1,2026-09,9,96,29ZZZZZ9034Z1Z1
53348.65144319929,33ZZZZZ9020Z1Z1,2026-09,4,97,27ZZZZZ9023Z1Z1
37708.13668460025,07ZZZZZ9006Z1Z1,2026-09,7,98,29ZZZZZ9029Z1Z1
37321.562401578005,06ZZZZZ9017Z1Z1,2026-09,1,99,07ZZZZZ9010Z1Z1
40949.642552499485,29ZZZZZ9034Z1Z1,2026-09,8,100,07ZZZZZ9009Z1Z1
600000.0,07ZZZZZ9016Z1Z1,2026-09,5,101,06ZZZZZ9017Z1Z1
600000.0,06ZZZZZ9017Z1Z1,2026-09,5,102,27ZZZZZ9018Z1Z1
600000.0,27ZZZZZ9018Z1Z1,2026-09,5,103,07ZZZZZ9016Z1Z1
550000.0,09ZZZZZ9021Z1Z1,2026-09,5,104,06ZZZZZ9022Z1Z1
550000.0,06ZZZZZ9022Z1Z1,2026-09,5,105,27ZZZZZ9023Z1Z1
550000.0,27ZZZZZ9023Z1Z1,2026-09,5,106,29ZZZZZ9024Z1Z1
550000.0,29ZZZZZ9024Z1Z1,2026-09,5,107,09ZZZZZ9021Z1Z1
